InvoiceNo,InvoiceDate,InvoiceTime,StockCode,Description,Quantity,UnitPrice,Totalsale,CustomerID,Country
536365,01-12-2010,08:26:00 AM,85123A,WHITE HANGING HEART T-LIGHT HOLDER,6,2.55,15.3,17850.0,United Kingdom
536365,01-12-2010,08:26:00 AM,71053,WHITE METAL LANTERN,6,3.39,20.34,17850.0,United Kingdom
536365,01-12-2010,08:26:00 AM,84406B,CREAM CUPID HEARTS COAT HANGER,8,2.75,22.0,17850.0,United Kingdom
536365,01-12-2010,08:26:00 AM,84029G,KNITTED UNION FLAG HOT WATER BOTTLE,6,3.39,20.34,17850.0,United Kingdom
536365,01-12-2010,08:26:00 AM,84029E,RED WOOLLY HOTTIE WHITE HEART.,6,3.39,20.34,17850.0,United Kingdom
536365,01-12-2010,08:26:00 AM,22752,SET 7 BABUSHKA NESTING BOXES,2,7.65,15.3,17850.0,United Kingdom
536365,01-12-2010,08:26:00 AM,21730,GLASS STAR FROSTED T-LIGHT HOLDER,6,4.25,25.5,17850.0,United Kingdom
536366,01-12-2010,08:28:00 AM,22633,HAND WARMER UNION JACK,6,1.85,11.1,17850.0,United Kingdom
536366,01-12-2010,08:28:00 AM,22632,HAND WARMER RED POLKA DOT,6,1.85,11.1,17850.0,United Kingdom
536367,01-12-2010,08:34:00 AM,84879,ASSORTED COLOUR BIRD ORNAMENT,32,1.69,54.08,13047.0,United Kingdom
536367,01-12-2010,08:34:00 AM,22745,POPPY'S PLAYHOUSE BEDROOM ,6,2.1,12.6,13047.0,United Kingdom
536367,01-12-2010,08:34:00 AM,22748,POPPY'S PLAYHOUSE KITCHEN,6,2.1,12.6,13047.0,United Kingdom
536367,01-12-2010,08:34:00 AM,22749,FELTCRAFT PRINCESS CHARLOTTE DOLL,8,3.75,30.0,13047.0,United Kingdom
536367,01-12-2010,08:34:00 AM,22310,IVORY KNITTED MUG COSY ,6,1.65,9.9,13047.0,United Kingdom
536367,01-12-2010,08:34:00 AM,84969,BOX OF 6 ASSORTED COLOUR TEASPOONS,6,4.25,25.5,13047.0,United Kingdom
536367,01-12-2010,08:34:00 AM,22623,BOX OF VINTAGE JIGSAW BLOCKS ,3,4.95,14.85,13047.0,United Kingdom
536367,01-12-2010,08:34:00 AM,22622,BOX OF VINTAGE ALPHABET BLOCKS,2,9.95,19.9,13047.0,United Kingdom
536367,01-12-2010,08:34:00 AM,21754,HOME BUILDING BLOCK WORD,3,5.95,17.85,13047.0,United Kingdom
536367,01-12-2010,08:34:00 AM,21755,LOVE BUILDING BLOCK WORD,3,5.95,17.85,13047.0,United Kingdom
536367,01-12-2010,08:34:00 AM,21777,RECIPE BOX WITH METAL HEART,4,7.95,31.8,13047.0,United Kingdom
536367,01-12-2010,08:34:00 AM,48187,DOORMAT NEW ENGLAND,4,7.95,31.8,13047.0,United Kingdom
536368,01-12-2010,08:34:00 AM,22960,JAM MAKING SET WITH JARS,6,4.25,25.5,13047.0,United Kingdom
536368,01-12-2010,08:34:00 AM,22913,RED COAT RACK PARIS FASHION,3,4.95,14.85,13047.0,United Kingdom
536368,01-12-2010,08:34:00 AM,22912,YELLOW COAT RACK PARIS FASHION,3,4.95,14.85,13047.0,United Kingdom
536368,01-12-2010,08:34:00 AM,22914,BLUE COAT RACK PARIS FASHION,3,4.95,14.85,13047.0,United Kingdom
536369,01-12-2010,08:35:00 AM,21756,BATH BUILDING BLOCK WORD,3,5.95,17.85,13047.0,United Kingdom
536370,01-12-2010,08:45:00 AM,22728,ALARM CLOCK BAKELIKE PINK,24,3.75,90.0,12583.0,France
536370,01-12-2010,08:45:00 AM,22727,ALARM CLOCK BAKELIKE RED ,24,3.75,90.0,12583.0,France
536370,01-12-2010,08:45:00 AM,22726,ALARM CLOCK BAKELIKE GREEN,12,3.75,45.0,12583.0,France
536370,01-12-2010,08:45:00 AM,21724,PANDA AND BUNNIES STICKER SHEET,12,0.85,10.2,12583.0,France
536370,01-12-2010,08:45:00 AM,21883,STARS GIFT TAPE ,24,0.65,15.6,12583.0,France
536370,01-12-2010,08:45:00 AM,10002,INFLATABLE POLITICAL GLOBE ,48,0.85,40.8,12583.0,France
536370,01-12-2010,08:45:00 AM,21791,VINTAGE HEADS AND TAILS CARD GAME ,24,1.25,30.0,12583.0,France
536370,01-12-2010,08:45:00 AM,21035,SET/2 RED RETROSPOT TEA TOWELS ,18,2.95,53.1,12583.0,France
536370,01-12-2010,08:45:00 AM,22326,ROUND SNACK BOXES SET OF4 WOODLAND ,24,2.95,70.8,12583.0,France
536370,01-12-2010,08:45:00 AM,22629,SPACEBOY LUNCH BOX ,24,1.95,46.8,12583.0,France
536370,01-12-2010,08:45:00 AM,22659,LUNCH BOX I LOVE LONDON,24,1.95,46.8,12583.0,France
536370,01-12-2010,08:45:00 AM,22631,CIRCUS PARADE LUNCH BOX ,24,1.95,46.8,12583.0,France
536370,01-12-2010,08:45:00 AM,22661,CHARLOTTE BAG DOLLY GIRL DESIGN,20,0.85,17.0,12583.0,France
536370,01-12-2010,08:45:00 AM,21731,RED TOADSTOOL LED NIGHT LIGHT,24,1.65,39.6,12583.0,France
536370,01-12-2010,08:45:00 AM,22900, SET 2 TEA TOWELS I LOVE LONDON ,24,2.95,70.8,12583.0,France
536370,01-12-2010,08:45:00 AM,21913,VINTAGE SEASIDE JIGSAW PUZZLES,12,3.75,45.0,12583.0,France
536370,01-12-2010,08:45:00 AM,22540,MINI JIGSAW CIRCUS PARADE ,24,0.42,10.08,12583.0,France
536370,01-12-2010,08:45:00 AM,22544,MINI JIGSAW SPACEBOY,24,0.42,10.08,12583.0,France
536370,01-12-2010,08:45:00 AM,22492,MINI PAINT SET VINTAGE ,36,0.65,23.4,12583.0,France
536370,01-12-2010,08:45:00 AM,POST,POSTAGE,3,18.0,54.0,12583.0,France
536371,01-12-2010,09:00:00 AM,22086,PAPER CHAIN KIT 50'S CHRISTMAS ,80,2.55,204.0,13748.0,United Kingdom
536372,01-12-2010,09:01:00 AM,22632,HAND WARMER RED POLKA DOT,6,1.85,11.1,17850.0,United Kingdom
536372,01-12-2010,09:01:00 AM,22633,HAND WARMER UNION JACK,6,1.85,11.1,17850.0,United Kingdom
536373,01-12-2010,09:02:00 AM,85123A,WHITE HANGING HEART T-LIGHT HOLDER,6,2.55,15.3,17850.0,United Kingdom
536373,01-12-2010,09:02:00 AM,71053,WHITE METAL LANTERN,6,3.39,20.34,17850.0,United Kingdom
536373,01-12-2010,09:02:00 AM,84406B,CREAM CUPID HEARTS COAT HANGER,8,2.75,22.0,17850.0,United Kingdom
536373,01-12-2010,09:02:00 AM,20679,EDWARDIAN PARASOL RED,6,4.95,29.7,17850.0,United Kingdom
536373,01-12-2010,09:02:00 AM,37370,RETRO COFFEE MUGS ASSORTED,6,1.06,6.36,17850.0,United Kingdom
536373,01-12-2010,09:02:00 AM,21871,SAVE THE PLANET MUG,6,1.06,6.36,17850.0,United Kingdom
536373,01-12-2010,09:02:00 AM,21071,VINTAGE BILLBOARD DRINK ME MUG,6,1.06,6.36,17850.0,United Kingdom
536373,01-12-2010,09:02:00 AM,21068,VINTAGE BILLBOARD LOVE/HATE MUG,6,1.06,6.36,17850.0,United Kingdom
536373,01-12-2010,09:02:00 AM,82483,WOOD 2 DRAWER CABINET WHITE FINISH,2,4.95,9.9,17850.0,United Kingdom
536373,01-12-2010,09:02:00 AM,82486,WOOD S/3 CABINET ANT WHITE FINISH,4,6.95,27.8,17850.0,United Kingdom
536373,01-12-2010,09:02:00 AM,82482,WOODEN PICTURE FRAME WHITE FINISH,6,2.1,12.6,17850.0,United Kingdom
536373,01-12-2010,09:02:00 AM,82494L,WOODEN FRAME ANTIQUE WHITE ,6,2.55,15.3,17850.0,United Kingdom
536373,01-12-2010,09:02:00 AM,84029G,KNITTED UNION FLAG HOT WATER BOTTLE,6,3.39,20.34,17850.0,United Kingdom
536373,01-12-2010,09:02:00 AM,84029E,RED WOOLLY HOTTIE WHITE HEART.,6,3.39,20.34,17850.0,United Kingdom
536373,01-12-2010,09:02:00 AM,22752,SET 7 BABUSHKA NESTING BOXES,2,7.65,15.3,17850.0,United Kingdom
536373,01-12-2010,09:02:00 AM,21730,GLASS STAR FROSTED T-LIGHT HOLDER,6,4.25,25.5,17850.0,United Kingdom
536374,01-12-2010,09:09:00 AM,21258,VICTORIAN SEWING BOX LARGE,32,10.95,350.4,15100.0,United Kingdom
536375,01-12-2010,09:32:00 AM,85123A,WHITE HANGING HEART T-LIGHT HOLDER,6,2.55,15.3,17850.0,United Kingdom
536375,01-12-2010,09:32:00 AM,71053,WHITE METAL LANTERN,6,3.39,20.34,17850.0,United Kingdom
536375,01-12-2010,09:32:00 AM,84406B,CREAM CUPID HEARTS COAT HANGER,8,2.75,22.0,17850.0,United Kingdom
536375,01-12-2010,09:32:00 AM,20679,EDWARDIAN PARASOL RED,6,4.95,29.7,17850.0,United Kingdom
536375,01-12-2010,09:32:00 AM,37370,RETRO COFFEE MUGS ASSORTED,6,1.06,6.36,17850.0,United Kingdom
536375,01-12-2010,09:32:00 AM,21871,SAVE THE PLANET MUG,6,1.06,6.36,17850.0,United Kingdom
536375,01-12-2010,09:32:00 AM,21071,VINTAGE BILLBOARD DRINK ME MUG,6,1.06,6.36,17850.0,United Kingdom
536375,01-12-2010,09:32:00 AM,21068,VINTAGE BILLBOARD LOVE/HATE MUG,6,1.06,6.36,17850.0,United Kingdom
536375,01-12-2010,09:32:00 AM,82483,WOOD 2 DRAWER CABINET WHITE FINISH,2,4.95,9.9,17850.0,United Kingdom
536375,01-12-2010,09:32:00 AM,82486,WOOD S/3 CABINET ANT WHITE FINISH,4,6.95,27.8,17850.0,United Kingdom
536375,01-12-2010,09:32:00 AM,82482,WOODEN PICTURE FRAME WHITE FINISH,6,2.1,12.6,17850.0,United Kingdom
536375,01-12-2010,09:32:00 AM,82494L,WOODEN FRAME ANTIQUE WHITE ,6,2.55,15.3,17850.0,United Kingdom
536375,01-12-2010,09:32:00 AM,84029G,KNITTED UNION FLAG HOT WATER BOTTLE,6,3.39,20.34,17850.0,United Kingdom
536375,01-12-2010,09:32:00 AM,84029E,RED WOOLLY HOTTIE WHITE HEART.,6,3.39,20.34,17850.0,United Kingdom
536375,01-12-2010,09:32:00 AM,22752,SET 7 BABUSHKA NESTING BOXES,2,7.65,15.3,17850.0,United Kingdom
536375,01-12-2010,09:32:00 AM,21730,GLASS STAR FROSTED T-LIGHT HOLDER,6,4.25,25.5,17850.0,United Kingdom
536376,01-12-2010,09:32:00 AM,22114,HOT WATER BOTTLE TEA AND SYMPATHY,48,3.45,165.6,15291.0,United Kingdom
536376,01-12-2010,09:32:00 AM,21733,RED HANGING HEART T-LIGHT HOLDER,64,2.55,163.2,15291.0,United Kingdom
536377,01-12-2010,09:34:00 AM,22632,HAND WARMER RED POLKA DOT,6,1.85,11.1,17850.0,United Kingdom
536377,01-12-2010,09:34:00 AM,22633,HAND WARMER UNION JACK,6,1.85,11.1,17850.0,United Kingdom
536378,01-12-2010,09:37:00 AM,22386,JUMBO BAG PINK POLKADOT,10,1.95,19.5,14688.0,United Kingdom
536378,01-12-2010,09:37:00 AM,85099C,JUMBO  BAG BAROQUE BLACK WHITE,10,1.95,19.5,14688.0,United Kingdom
536378,01-12-2010,09:37:00 AM,21033,JUMBO BAG CHARLIE AND LOLA TOYS,10,2.95,29.5,14688.0,United Kingdom
536378,01-12-2010,09:37:00 AM,20723,STRAWBERRY CHARLOTTE BAG,10,0.85,8.5,14688.0,United Kingdom
536378,01-12-2010,09:37:00 AM,84997B,RED 3 PIECE RETROSPOT CUTLERY SET,12,3.75,45.0,14688.0,United Kingdom
536378,01-12-2010,09:37:00 AM,84997C,BLUE 3 PIECE POLKADOT CUTLERY SET,6,3.75,22.5,14688.0,United Kingdom
536378,01-12-2010,09:37:00 AM,21094,SET/6 RED SPOTTY PAPER PLATES,12,0.85,10.2,14688.0,United Kingdom
536378,01-12-2010,09:37:00 AM,20725,LUNCH BAG RED RETROSPOT,10,1.65,16.5,14688.0,United Kingdom
536378,01-12-2010,09:37:00 AM,21559,STRAWBERRY LUNCH BOX WITH CUTLERY,6,2.55,15.3,14688.0,United Kingdom
536378,01-12-2010,09:37:00 AM,22352,LUNCH BOX WITH CUTLERY RETROSPOT ,6,2.55,15.3,14688.0,United Kingdom
536378,01-12-2010,09:37:00 AM,21212,PACK OF 72 RETROSPOT CAKE CASES,120,0.42,50.4,14688.0,United Kingdom
536378,01-12-2010,09:37:00 AM,21975,PACK OF 60 DINOSAUR CAKE CASES,24,0.55,13.2,14688.0,United Kingdom
536378,01-12-2010,09:37:00 AM,21977,PACK OF 60 PINK PAISLEY CAKE CASES,24,0.55,13.2,14688.0,United Kingdom
536378,01-12-2010,09:37:00 AM,84991,60 TEATIME FAIRY CAKE CASES,24,0.55,13.2,14688.0,United Kingdom
536378,01-12-2010,09:37:00 AM,84519A,TOMATO CHARLIE+LOLA COASTER SET,6,2.95,17.7,14688.0,United Kingdom
536378,01-12-2010,09:37:00 AM,85183B,CHARLIE & LOLA WASTEPAPER BIN FLORA,48,1.25,60.0,14688.0,United Kingdom
536378,01-12-2010,09:37:00 AM,85071B,RED CHARLIE+LOLA PERSONAL DOORSIGN,96,0.38,36.48,14688.0,United Kingdom
536378,01-12-2010,09:37:00 AM,21931,JUMBO STORAGE BAG SUKI,10,1.95,19.5,14688.0,United Kingdom
536378,01-12-2010,09:37:00 AM,21929,JUMBO BAG PINK VINTAGE PAISLEY,10,1.95,19.5,14688.0,United Kingdom
536380,01-12-2010,09:41:00 AM,22961,JAM MAKING SET PRINTED,24,1.45,34.8,17809.0,United Kingdom
536381,01-12-2010,09:41:00 AM,22139,RETROSPOT TEA SET CERAMIC 11 PC ,23,4.25,97.75,15311.0,United Kingdom
536381,01-12-2010,09:41:00 AM,84854,GIRLY PINK TOOL SET,5,4.95,24.75,15311.0,United Kingdom
536381,01-12-2010,09:41:00 AM,22411,JUMBO SHOPPER VINTAGE RED PAISLEY,10,1.95,19.5,15311.0,United Kingdom
536381,01-12-2010,09:41:00 AM,82567,"AIRLINE LOUNGE,METAL SIGN",2,2.1,4.2,15311.0,United Kingdom
536381,01-12-2010,09:41:00 AM,21672,WHITE SPOT RED CERAMIC DRAWER KNOB,6,1.25,7.5,15311.0,United Kingdom
536381,01-12-2010,09:41:00 AM,22774,RED DRAWER KNOB ACRYLIC EDWARDIAN,24,1.25,30.0,15311.0,United Kingdom
536381,01-12-2010,09:41:00 AM,22771,CLEAR DRAWER KNOB ACRYLIC EDWARDIAN,24,1.25,30.0,15311.0,United Kingdom
536381,01-12-2010,09:41:00 AM,71270,PHOTO CLIP LINE,1,1.25,1.25,15311.0,United Kingdom
536381,01-12-2010,09:41:00 AM,22262,FELT EGG COSY CHICKEN,1,0.85,0.85,15311.0,United Kingdom
536381,01-12-2010,09:41:00 AM,22637,PIGGY BANK RETROSPOT ,1,2.55,2.55,15311.0,United Kingdom
536381,01-12-2010,09:41:00 AM,21934,SKULL SHOULDER BAG,10,1.65,16.5,15311.0,United Kingdom
536381,01-12-2010,09:41:00 AM,21169,YOU'RE CONFUSING ME METAL SIGN ,3,1.69,5.07,15311.0,United Kingdom
536381,01-12-2010,09:41:00 AM,21166,COOK WITH WINE METAL SIGN ,1,1.95,1.95,15311.0,United Kingdom
536381,01-12-2010,09:41:00 AM,21175,GIN + TONIC DIET METAL SIGN,2,2.1,4.2,15311.0,United Kingdom
536381,01-12-2010,09:41:00 AM,37444A,YELLOW BREAKFAST CUP AND SAUCER,1,2.95,2.95,15311.0,United Kingdom
536381,01-12-2010,09:41:00 AM,37444C,PINK BREAKFAST CUP AND SAUCER ,1,2.95,2.95,15311.0,United Kingdom
536381,01-12-2010,09:41:00 AM,22086,PAPER CHAIN KIT 50'S CHRISTMAS ,4,2.95,11.8,15311.0,United Kingdom
536381,01-12-2010,09:41:00 AM,22083,PAPER CHAIN KIT RETROSPOT,1,2.95,2.95,15311.0,United Kingdom
536381,01-12-2010,09:41:00 AM,84971S,SMALL HEART FLOWERS HOOK ,6,0.85,5.1,15311.0,United Kingdom
536381,01-12-2010,09:41:00 AM,71270,PHOTO CLIP LINE,3,1.25,3.75,15311.0,United Kingdom
536381,01-12-2010,09:41:00 AM,47580,TEA TIME DES TEA COSY,2,2.55,5.1,15311.0,United Kingdom
536381,01-12-2010,09:41:00 AM,22261,FELT EGG COSY WHITE RABBIT ,1,0.85,0.85,15311.0,United Kingdom
536381,01-12-2010,09:41:00 AM,84832,ZINC WILLIE WINKIE  CANDLE STICK,1,0.85,0.85,15311.0,United Kingdom
536381,01-12-2010,09:41:00 AM,22644,CERAMIC CHERRY CAKE MONEY BANK,1,1.45,1.45,15311.0,United Kingdom
536381,01-12-2010,09:41:00 AM,21533,RETROSPOT LARGE MILK JUG,1,4.95,4.95,15311.0,United Kingdom
536381,01-12-2010,09:41:00 AM,21557,SET OF 6 FUNKY BEAKERS,2,2.95,5.9,15311.0,United Kingdom
536381,01-12-2010,09:41:00 AM,15056BL,EDWARDIAN PARASOL BLACK,2,5.95,11.9,15311.0,United Kingdom
536381,01-12-2010,09:41:00 AM,15056N,EDWARDIAN PARASOL NATURAL,2,5.95,11.9,15311.0,United Kingdom
536381,01-12-2010,09:41:00 AM,22646,CERAMIC STRAWBERRY CAKE MONEY BANK,4,1.45,5.8,15311.0,United Kingdom
536381,01-12-2010,09:41:00 AM,22176,BLUE OWL SOFT TOY,1,2.95,2.95,15311.0,United Kingdom
536381,01-12-2010,09:41:00 AM,22438,BALLOON ART MAKE YOUR OWN FLOWERS,1,1.95,1.95,15311.0,United Kingdom
536381,01-12-2010,09:41:00 AM,21731,RED TOADSTOOL LED NIGHT LIGHT,2,1.65,3.3,15311.0,United Kingdom
536381,01-12-2010,09:41:00 AM,22778,GLASS CLOCHE SMALL,3,3.95,11.85,15311.0,United Kingdom
536381,01-12-2010,09:41:00 AM,22719,GUMBALL MONOCHROME COAT RACK,36,1.06,38.16,15311.0,United Kingdom
536381,01-12-2010,09:41:00 AM,21523,DOORMAT FANCY FONT HOME SWEET HOME,10,6.75,67.5,15311.0,United Kingdom
C536379,01-12-2010,09:41:00 AM,D,Discount,-1,27.5,-27.5,14527.0,United Kingdom
536382,01-12-2010,09:45:00 AM,10002,INFLATABLE POLITICAL GLOBE ,12,0.85,10.2,16098.0,United Kingdom
536382,01-12-2010,09:45:00 AM,21912,VINTAGE SNAKES & LADDERS,8,3.75,30.0,16098.0,United Kingdom
536382,01-12-2010,09:45:00 AM,21832,CHOCOLATE CALCULATOR,12,1.65,19.8,16098.0,United Kingdom
536382,01-12-2010,09:45:00 AM,22411,JUMBO SHOPPER VINTAGE RED PAISLEY,10,1.95,19.5,16098.0,United Kingdom
536382,01-12-2010,09:45:00 AM,22379,RECYCLING BAG RETROSPOT ,10,2.1,21.0,16098.0,United Kingdom
536382,01-12-2010,09:45:00 AM,22381,TOY TIDY PINK POLKADOT,50,1.85,92.5,16098.0,United Kingdom
536382,01-12-2010,09:45:00 AM,22798,ANTIQUE GLASS DRESSING TABLE POT,8,2.95,23.6,16098.0,United Kingdom
536382,01-12-2010,09:45:00 AM,22726,ALARM CLOCK BAKELIKE GREEN,4,3.75,15.0,16098.0,United Kingdom
536382,01-12-2010,09:45:00 AM,22926,IVORY GIANT GARDEN THERMOMETER,12,5.95,71.4,16098.0,United Kingdom
536382,01-12-2010,09:45:00 AM,22839,3 TIER CAKE TIN GREEN AND CREAM,2,14.95,29.9,16098.0,United Kingdom
536382,01-12-2010,09:45:00 AM,22838,3 TIER CAKE TIN RED AND CREAM,2,14.95,29.9,16098.0,United Kingdom
536382,01-12-2010,09:45:00 AM,22783,SET 3 WICKER OVAL BASKETS W LIDS,4,16.95,67.8,16098.0,United Kingdom
C536383,01-12-2010,09:49:00 AM,35004C,SET OF 3 COLOURED  FLYING DUCKS,-1,4.65,-4.65,15311.0,United Kingdom
536384,01-12-2010,09:53:00 AM,82484,WOOD BLACK BOARD ANT WHITE FINISH,3,6.45,19.35,18074.0,United Kingdom
536384,01-12-2010,09:53:00 AM,84755,COLOUR GLASS T-LIGHT HOLDER HANGING,48,0.65,31.2,18074.0,United Kingdom
536384,01-12-2010,09:53:00 AM,22464,HANGING METAL HEART LANTERN,12,1.65,19.8,18074.0,United Kingdom
536384,01-12-2010,09:53:00 AM,21324,HANGING MEDINA LANTERN SMALL,6,2.95,17.7,18074.0,United Kingdom
536384,01-12-2010,09:53:00 AM,22457,NATURAL SLATE HEART CHALKBOARD ,12,2.95,35.4,18074.0,United Kingdom
536384,01-12-2010,09:53:00 AM,22469,HEART OF WICKER SMALL,40,1.45,58.0,18074.0,United Kingdom
536384,01-12-2010,09:53:00 AM,22470,HEART OF WICKER LARGE,40,2.55,102.0,18074.0,United Kingdom
536384,01-12-2010,09:53:00 AM,22224,WHITE LOVEBIRD LANTERN,6,2.95,17.7,18074.0,United Kingdom
536384,01-12-2010,09:53:00 AM,21340,CLASSIC METAL BIRDCAGE PLANT HOLDER,2,12.75,25.5,18074.0,United Kingdom
536384,01-12-2010,09:53:00 AM,22189,CREAM HEART CARD HOLDER,4,3.95,15.8,18074.0,United Kingdom
536384,01-12-2010,09:53:00 AM,22427,ENAMEL FLOWER JUG CREAM,3,5.95,17.85,18074.0,United Kingdom
536384,01-12-2010,09:53:00 AM,22428,ENAMEL FIRE BUCKET CREAM,6,6.95,41.7,18074.0,United Kingdom
536384,01-12-2010,09:53:00 AM,22424,ENAMEL BREAD BIN CREAM,8,10.95,87.6,18074.0,United Kingdom
536385,01-12-2010,09:56:00 AM,22783,SET 3 WICKER OVAL BASKETS W LIDS,1,19.95,19.95,17420.0,United Kingdom
536385,01-12-2010,09:56:00 AM,22961,JAM MAKING SET PRINTED,12,1.45,17.4,17420.0,United Kingdom
536385,01-12-2010,09:56:00 AM,22960,JAM MAKING SET WITH JARS,6,4.25,25.5,17420.0,United Kingdom
536385,01-12-2010,09:56:00 AM,22663,JUMBO BAG DOLLY GIRL DESIGN,10,1.95,19.5,17420.0,United Kingdom
536385,01-12-2010,09:56:00 AM,85049A,TRADITIONAL CHRISTMAS RIBBONS,12,1.25,15.0,17420.0,United Kingdom
536385,01-12-2010,09:56:00 AM,22168,ORGANISER WOOD ANTIQUE WHITE ,2,8.5,17.0,17420.0,United Kingdom
536385,01-12-2010,09:56:00 AM,22662,LUNCH BAG DOLLY GIRL DESIGN,10,1.65,16.5,17420.0,United Kingdom
536386,01-12-2010,09:57:00 AM,84880,WHITE WIRE EGG HOLDER,36,4.95,178.2,16029.0,United Kingdom
536386,01-12-2010,09:57:00 AM,85099C,JUMBO  BAG BAROQUE BLACK WHITE,100,1.65,165.0,16029.0,United Kingdom
536386,01-12-2010,09:57:00 AM,85099B,JUMBO BAG RED RETROSPOT,100,1.65,165.0,16029.0,United Kingdom
536387,01-12-2010,09:58:00 AM,79321,CHILLI LIGHTS,192,3.82,733.44,16029.0,United Kingdom
536387,01-12-2010,09:58:00 AM,22780,LIGHT GARLAND BUTTERFILES PINK,192,3.37,647.04,16029.0,United Kingdom
536387,01-12-2010,09:58:00 AM,22779,WOODEN OWLS LIGHT GARLAND ,192,3.37,647.04,16029.0,United Kingdom
536387,01-12-2010,09:58:00 AM,22466,FAIRY TALE COTTAGE NIGHTLIGHT,432,1.45,626.4,16029.0,United Kingdom
536387,01-12-2010,09:58:00 AM,21731,RED TOADSTOOL LED NIGHT LIGHT,432,1.25,540.0,16029.0,United Kingdom
536388,01-12-2010,09:59:00 AM,21754,HOME BUILDING BLOCK WORD,3,5.95,17.85,16250.0,United Kingdom
536388,01-12-2010,09:59:00 AM,21755,LOVE BUILDING BLOCK WORD,3,5.95,17.85,16250.0,United Kingdom
536388,01-12-2010,09:59:00 AM,21523,DOORMAT FANCY FONT HOME SWEET HOME,2,7.95,15.9,16250.0,United Kingdom
536388,01-12-2010,09:59:00 AM,21363,HOME SMALL WOOD LETTERS,3,4.95,14.85,16250.0,United Kingdom
536388,01-12-2010,09:59:00 AM,21411,GINGHAM HEART  DOORSTOP RED,3,4.25,12.75,16250.0,United Kingdom
536388,01-12-2010,09:59:00 AM,22318,FIVE HEART HANGING DECORATION,6,2.95,17.7,16250.0,United Kingdom
536388,01-12-2010,09:59:00 AM,22464,HANGING METAL HEART LANTERN,12,1.65,19.8,16250.0,United Kingdom
536388,01-12-2010,09:59:00 AM,22915,ASSORTED BOTTLE TOP  MAGNETS ,12,0.42,5.04,16250.0,United Kingdom
536388,01-12-2010,09:59:00 AM,22922,FRIDGE MAGNETS US DINER ASSORTED,12,0.85,10.2,16250.0,United Kingdom
536388,01-12-2010,09:59:00 AM,22969,HOMEMADE JAM SCENTED CANDLES,12,1.45,17.4,16250.0,United Kingdom
536388,01-12-2010,09:59:00 AM,22923,FRIDGE MAGNETS LES ENFANTS ASSORTED,12,0.85,10.2,16250.0,United Kingdom
536388,01-12-2010,09:59:00 AM,21115,ROSE CARAVAN DOORSTOP,4,6.75,27.0,16250.0,United Kingdom
536388,01-12-2010,09:59:00 AM,22469,HEART OF WICKER SMALL,12,1.65,19.8,16250.0,United Kingdom
536388,01-12-2010,09:59:00 AM,22242,5 HOOK HANGER MAGIC TOADSTOOL,12,1.65,19.8,16250.0,United Kingdom
536389,01-12-2010,10:03:00 AM,22941,CHRISTMAS LIGHTS 10 REINDEER,6,8.5,51.0,12431.0,Australia
536389,01-12-2010,10:03:00 AM,21622,VINTAGE UNION JACK CUSHION COVER,8,4.95,39.6,12431.0,Australia
536389,01-12-2010,10:03:00 AM,21791,VINTAGE HEADS AND TAILS CARD GAME ,12,1.25,15.0,12431.0,Australia
536389,01-12-2010,10:03:00 AM,35004C,SET OF 3 COLOURED  FLYING DUCKS,6,5.45,32.7,12431.0,Australia
536389,01-12-2010,10:03:00 AM,35004G,SET OF 3 GOLD FLYING DUCKS,4,6.35,25.4,12431.0,Australia
536389,01-12-2010,10:03:00 AM,85014B,RED RETROSPOT UMBRELLA,6,5.95,35.7,12431.0,Australia
536389,01-12-2010,10:03:00 AM,85014A,BLACK/BLUE POLKADOT UMBRELLA,3,5.95,17.85,12431.0,Australia
536389,01-12-2010,10:03:00 AM,22193,RED DINER WALL CLOCK,2,8.5,17.0,12431.0,Australia
536389,01-12-2010,10:03:00 AM,22726,ALARM CLOCK BAKELIKE GREEN,4,3.75,15.0,12431.0,Australia
536389,01-12-2010,10:03:00 AM,22727,ALARM CLOCK BAKELIKE RED ,4,3.75,15.0,12431.0,Australia
536389,01-12-2010,10:03:00 AM,22192,BLUE DINER WALL CLOCK,2,8.5,17.0,12431.0,Australia
536389,01-12-2010,10:03:00 AM,22191,IVORY DINER WALL CLOCK,2,8.5,17.0,12431.0,Australia
536389,01-12-2010,10:03:00 AM,22195,LARGE HEART MEASURING SPOONS,24,1.65,39.6,12431.0,Australia
536389,01-12-2010,10:03:00 AM,22196,SMALL HEART MEASURING SPOONS,24,0.85,20.4,12431.0,Australia
536390,01-12-2010,10:19:00 AM,22941,CHRISTMAS LIGHTS 10 REINDEER,2,8.5,17.0,17511.0,United Kingdom
536390,01-12-2010,10:19:00 AM,22960,JAM MAKING SET WITH JARS,12,3.75,45.0,17511.0,United Kingdom
536390,01-12-2010,10:19:00 AM,22961,JAM MAKING SET PRINTED,12,1.45,17.4,17511.0,United Kingdom
536390,01-12-2010,10:19:00 AM,22962,JAM JAR WITH PINK LID,48,0.72,34.56,17511.0,United Kingdom
536390,01-12-2010,10:19:00 AM,22963,JAM JAR WITH GREEN LID,48,0.72,34.56,17511.0,United Kingdom
536390,01-12-2010,10:19:00 AM,22968,ROSE COTTAGE KEEPSAKE BOX ,8,8.5,68.0,17511.0,United Kingdom
536390,01-12-2010,10:19:00 AM,84970S,HANGING HEART ZINC T-LIGHT HOLDER,144,0.64,92.16,17511.0,United Kingdom
536390,01-12-2010,10:19:00 AM,22910,PAPER CHAIN KIT VINTAGE CHRISTMAS,40,2.55,102.0,17511.0,United Kingdom
536390,01-12-2010,10:19:00 AM,20668,DISCO BALL CHRISTMAS DECORATION,288,0.1,28.8,17511.0,United Kingdom
536390,01-12-2010,10:19:00 AM,85123A,WHITE HANGING HEART T-LIGHT HOLDER,64,2.55,163.2,17511.0,United Kingdom
536390,01-12-2010,10:19:00 AM,22197,SMALL POPCORN HOLDER,100,0.72,72.0,17511.0,United Kingdom
536390,01-12-2010,10:19:00 AM,22198,LARGE POPCORN HOLDER ,50,1.45,72.5,17511.0,United Kingdom
536390,01-12-2010,10:19:00 AM,21533,RETROSPOT LARGE MILK JUG,12,4.25,51.0,17511.0,United Kingdom
536390,01-12-2010,10:19:00 AM,21080,SET/20 RED RETROSPOT PAPER NAPKINS ,96,0.64,61.44,17511.0,United Kingdom
536390,01-12-2010,10:19:00 AM,21094,SET/6 RED SPOTTY PAPER PLATES,96,0.64,61.44,17511.0,United Kingdom
536390,01-12-2010,10:19:00 AM,21086,SET/6 RED SPOTTY PAPER CUPS,48,0.65,31.2,17511.0,United Kingdom
536390,01-12-2010,10:19:00 AM,21786,POLKADOT RAIN HAT ,144,0.32,46.08,17511.0,United Kingdom
536390,01-12-2010,10:19:00 AM,22654,DELUXE SEWING KIT ,40,4.95,198.0,17511.0,United Kingdom
536390,01-12-2010,10:19:00 AM,21485,RETROSPOT HEART HOT WATER BOTTLE,24,4.25,102.0,17511.0,United Kingdom
536390,01-12-2010,10:19:00 AM,84029G,KNITTED UNION FLAG HOT WATER BOTTLE,24,3.39,81.36,17511.0,United Kingdom
536390,01-12-2010,10:19:00 AM,84030E,ENGLISH ROSE HOT WATER BOTTLE,24,3.75,90.0,17511.0,United Kingdom
536390,01-12-2010,10:19:00 AM,22174,PHOTO CUBE,48,1.48,71.04,17511.0,United Kingdom
536390,01-12-2010,10:19:00 AM,22969,HOMEMADE JAM SCENTED CANDLES,96,1.25,120.0,17511.0,United Kingdom
536390,01-12-2010,10:19:00 AM,85099B,JUMBO BAG RED RETROSPOT,100,1.65,165.0,17511.0,United Kingdom
C536391,01-12-2010,10:24:00 AM,22556,PLASTERS IN TIN CIRCUS PARADE ,-12,1.65,-19.8,17548.0,United Kingdom
C536391,01-12-2010,10:24:00 AM,21984,PACK OF 12 PINK PAISLEY TISSUES ,-24,0.29,-6.96,17548.0,United Kingdom
C536391,01-12-2010,10:24:00 AM,21983,PACK OF 12 BLUE PAISLEY TISSUES ,-24,0.29,-6.96,17548.0,United Kingdom
C536391,01-12-2010,10:24:00 AM,21980,PACK OF 12 RED RETROSPOT TISSUES ,-24,0.29,-6.96,17548.0,United Kingdom
C536391,01-12-2010,10:24:00 AM,21484,CHICK GREY HOT WATER BOTTLE,-12,3.45,-41.4,17548.0,United Kingdom
C536391,01-12-2010,10:24:00 AM,22557,PLASTERS IN TIN VINTAGE PAISLEY ,-12,1.65,-19.8,17548.0,United Kingdom
C536391,01-12-2010,10:24:00 AM,22553,PLASTERS IN TIN SKULLS,-24,1.65,-39.6,17548.0,United Kingdom
536392,01-12-2010,10:29:00 AM,22150,3 STRIPEY MICE FELTCRAFT,6,1.95,11.7,13705.0,United Kingdom
536392,01-12-2010,10:29:00 AM,22619,SET OF 6 SOLDIER SKITTLES,4,3.75,15.0,13705.0,United Kingdom
536392,01-12-2010,10:29:00 AM,21891,TRADITIONAL WOODEN SKIPPING ROPE,12,1.25,15.0,13705.0,United Kingdom
536392,01-12-2010,10:29:00 AM,21889,WOODEN BOX OF DOMINOES,12,1.25,15.0,13705.0,United Kingdom
536392,01-12-2010,10:29:00 AM,22827,RUSTIC  SEVENTEEN DRAWER SIDEBOARD,1,165.0,165.0,13705.0,United Kingdom
536392,01-12-2010,10:29:00 AM,22127,PARTY CONES CARNIVAL ASSORTED,12,1.25,15.0,13705.0,United Kingdom
536392,01-12-2010,10:29:00 AM,22128,PARTY CONES CANDY ASSORTED,12,1.25,15.0,13705.0,United Kingdom
536392,01-12-2010,10:29:00 AM,22502,PICNIC BASKET WICKER SMALL,4,5.95,23.8,13705.0,United Kingdom
536392,01-12-2010,10:29:00 AM,84879,ASSORTED COLOUR BIRD ORNAMENT,16,1.69,27.04,13705.0,United Kingdom
536392,01-12-2010,10:29:00 AM,22338,STAR DECORATION PAINTED ZINC ,24,0.65,15.6,13705.0,United Kingdom
536393,01-12-2010,10:37:00 AM,22180,RETROSPOT LAMP,8,9.95,79.6,13747.0,United Kingdom
536394,01-12-2010,10:39:00 AM,21506,"FANCY FONT BIRTHDAY CARD, ",24,0.42,10.08,13408.0,United Kingdom
536394,01-12-2010,10:39:00 AM,22633,HAND WARMER UNION JACK,96,1.85,177.6,13408.0,United Kingdom
536394,01-12-2010,10:39:00 AM,22866,HAND WARMER SCOTTY DOG DESIGN,96,1.85,177.6,13408.0,United Kingdom
536394,01-12-2010,10:39:00 AM,22865,HAND WARMER OWL DESIGN,96,1.85,177.6,13408.0,United Kingdom
536394,01-12-2010,10:39:00 AM,22632,HAND WARMER RED RETROSPOT,96,1.85,177.6,13408.0,United Kingdom
536394,01-12-2010,10:39:00 AM,21485,RETROSPOT HEART HOT WATER BOTTLE,12,4.95,59.4,13408.0,United Kingdom
536394,01-12-2010,10:39:00 AM,22349,DOG BOWL CHASING BALL DESIGN,12,3.75,45.0,13408.0,United Kingdom
536394,01-12-2010,10:39:00 AM,22558,CLOTHES PEGS RETROSPOT PACK 24 ,48,1.25,60.0,13408.0,United Kingdom
536394,01-12-2010,10:39:00 AM,85152,HAND OVER THE CHOCOLATE   SIGN ,12,2.1,25.2,13408.0,United Kingdom
536394,01-12-2010,10:39:00 AM,85123A,WHITE HANGING HEART T-LIGHT HOLDER,32,2.55,81.6,13408.0,United Kingdom
536394,01-12-2010,10:39:00 AM,22652,TRAVEL SEWING KIT,20,1.65,33.0,13408.0,United Kingdom
536395,01-12-2010,10:47:00 AM,22188,BLACK HEART CARD HOLDER,8,3.95,31.6,13767.0,United Kingdom
536395,01-12-2010,10:47:00 AM,84879,ASSORTED COLOUR BIRD ORNAMENT,32,1.69,54.08,13767.0,United Kingdom
536395,01-12-2010,10:47:00 AM,21977,PACK OF 60 PINK PAISLEY CAKE CASES,24,0.55,13.2,13767.0,United Kingdom
536395,01-12-2010,10:47:00 AM,84991,60 TEATIME FAIRY CAKE CASES,24,0.55,13.2,13767.0,United Kingdom
536395,01-12-2010,10:47:00 AM,21212,PACK OF 72 RETROSPOT CAKE CASES,24,0.55,13.2,13767.0,United Kingdom
536395,01-12-2010,10:47:00 AM,21484,CHICK GREY HOT WATER BOTTLE,8,3.45,27.6,13767.0,United Kingdom
536395,01-12-2010,10:47:00 AM,21314,SMALL GLASS HEART TRINKET POT,8,2.1,16.8,13767.0,United Kingdom
536395,01-12-2010,10:47:00 AM,22730,ALARM CLOCK BAKELIKE IVORY,4,3.75,15.0,13767.0,United Kingdom
536395,01-12-2010,10:47:00 AM,22727,ALARM CLOCK BAKELIKE RED ,8,3.75,30.0,13767.0,United Kingdom
536395,01-12-2010,10:47:00 AM,22729,ALARM CLOCK BAKELIKE ORANGE,8,3.75,30.0,13767.0,United Kingdom
536395,01-12-2010,10:47:00 AM,22726,ALARM CLOCK BAKELIKE GREEN,8,3.75,30.0,13767.0,United Kingdom
536395,01-12-2010,10:47:00 AM,22114,HOT WATER BOTTLE TEA AND SYMPATHY,8,3.95,31.6,13767.0,United Kingdom
536395,01-12-2010,10:47:00 AM,22867,HAND WARMER BIRD DESIGN,48,2.1,100.8,13767.0,United Kingdom
536395,01-12-2010,10:47:00 AM,22866,HAND WARMER SCOTTY DOG DESIGN,48,2.1,100.8,13767.0,United Kingdom
536396,01-12-2010,10:51:00 AM,85123A,WHITE HANGING HEART T-LIGHT HOLDER,6,2.55,15.3,17850.0,United Kingdom
536396,01-12-2010,10:51:00 AM,71053,WHITE METAL LANTERN,6,3.39,20.34,17850.0,United Kingdom
536396,01-12-2010,10:51:00 AM,84406B,CREAM CUPID HEARTS COAT HANGER,8,2.75,22.0,17850.0,United Kingdom
536396,01-12-2010,10:51:00 AM,15056BL,EDWARDIAN PARASOL BLACK,6,4.95,29.7,17850.0,United Kingdom
536396,01-12-2010,10:51:00 AM,20679,EDWARDIAN PARASOL RED,6,4.95,29.7,17850.0,United Kingdom
536396,01-12-2010,10:51:00 AM,37370,RETRO COFFEE MUGS ASSORTED,6,1.06,6.36,17850.0,United Kingdom
536396,01-12-2010,10:51:00 AM,21871,SAVE THE PLANET MUG,6,1.06,6.36,17850.0,United Kingdom
536396,01-12-2010,10:51:00 AM,21071,VINTAGE BILLBOARD DRINK ME MUG,6,1.06,6.36,17850.0,United Kingdom
536396,01-12-2010,10:51:00 AM,21068,VINTAGE BILLBOARD LOVE/HATE MUG,6,1.06,6.36,17850.0,United Kingdom
536396,01-12-2010,10:51:00 AM,82483,WOOD 2 DRAWER CABINET WHITE FINISH,2,4.95,9.9,17850.0,United Kingdom
536396,01-12-2010,10:51:00 AM,82486,WOOD S/3 CABINET ANT WHITE FINISH,4,6.95,27.8,17850.0,United Kingdom
536396,01-12-2010,10:51:00 AM,82482,WOODEN PICTURE FRAME WHITE FINISH,6,2.1,12.6,17850.0,United Kingdom
536396,01-12-2010,10:51:00 AM,82494L,WOODEN FRAME ANTIQUE WHITE ,12,2.55,30.6,17850.0,United Kingdom
536396,01-12-2010,10:51:00 AM,84029G,KNITTED UNION FLAG HOT WATER BOTTLE,6,3.39,20.34,17850.0,United Kingdom
536396,01-12-2010,10:51:00 AM,84029E,RED WOOLLY HOTTIE WHITE HEART.,6,3.39,20.34,17850.0,United Kingdom
536396,01-12-2010,10:51:00 AM,22752,SET 7 BABUSHKA NESTING BOXES,2,7.65,15.3,17850.0,United Kingdom
536396,01-12-2010,10:51:00 AM,22803,IVORY EMBROIDERED QUILT ,2,35.75,71.5,17850.0,United Kingdom
536396,01-12-2010,10:51:00 AM,21730,GLASS STAR FROSTED T-LIGHT HOLDER,6,4.25,25.5,17850.0,United Kingdom
536397,01-12-2010,10:51:00 AM,35004B,SET OF 3 BLACK FLYING DUCKS,12,4.65,55.8,17924.0,United Kingdom
536397,01-12-2010,10:51:00 AM,35004C,SET OF 3 COLOURED  FLYING DUCKS,48,4.65,223.2,17924.0,United Kingdom
536398,01-12-2010,10:52:00 AM,21980,PACK OF 12 RED RETROSPOT TISSUES ,24,0.29,6.96,13448.0,United Kingdom
536398,01-12-2010,10:52:00 AM,21844,RED RETROSPOT MUG,6,2.95,17.7,13448.0,United Kingdom
536398,01-12-2010,10:52:00 AM,22468,BABUSHKA LIGHTS STRING OF 10,4,6.75,27.0,13448.0,United Kingdom
536398,01-12-2010,10:52:00 AM,22637,PIGGY BANK RETROSPOT ,8,2.55,20.4,13448.0,United Kingdom
536398,01-12-2010,10:52:00 AM,22752,SET 7 BABUSHKA NESTING BOXES,6,8.5,51.0,13448.0,United Kingdom
536398,01-12-2010,10:52:00 AM,48185,DOORMAT FAIRY CAKE,2,7.95,15.9,13448.0,United Kingdom
536398,01-12-2010,10:52:00 AM,22632,HAND WARMER RED RETROSPOT,12,2.1,25.2,13448.0,United Kingdom
536398,01-12-2010,10:52:00 AM,22866,HAND WARMER SCOTTY DOG DESIGN,12,2.1,25.2,13448.0,United Kingdom
536398,01-12-2010,10:52:00 AM,22865,HAND WARMER OWL DESIGN,12,2.1,25.2,13448.0,United Kingdom
536398,01-12-2010,10:52:00 AM,21232,STRAWBERRY CERAMIC TRINKET BOX,12,1.25,15.0,13448.0,United Kingdom
536398,01-12-2010,10:52:00 AM,22064,PINK DOUGHNUT TRINKET POT ,12,1.65,19.8,13448.0,United Kingdom
536398,01-12-2010,10:52:00 AM,22449,SILK PURSE BABUSHKA PINK,6,3.35,20.1,13448.0,United Kingdom
536398,01-12-2010,10:52:00 AM,22114,HOT WATER BOTTLE TEA AND SYMPATHY,4,3.95,15.8,13448.0,United Kingdom
536398,01-12-2010,10:52:00 AM,22835,HOT WATER BOTTLE I AM SO POORLY,8,4.65,37.2,13448.0,United Kingdom
536398,01-12-2010,10:52:00 AM,22112,CHOCOLATE HOT WATER BOTTLE,9,4.95,44.55,13448.0,United Kingdom
536398,01-12-2010,10:52:00 AM,21479,WHITE SKULL HOT WATER BOTTLE ,4,3.75,15.0,13448.0,United Kingdom
536398,01-12-2010,10:52:00 AM,22111,SCOTTIE DOG HOT WATER BOTTLE,9,4.95,44.55,13448.0,United Kingdom
536399,01-12-2010,10:52:00 AM,22632,HAND WARMER RED POLKA DOT,6,1.85,11.1,17850.0,United Kingdom
536399,01-12-2010,10:52:00 AM,22633,HAND WARMER UNION JACK,6,1.85,11.1,17850.0,United Kingdom
536400,01-12-2010,10:53:00 AM,22969,HOMEMADE JAM SCENTED CANDLES,12,1.45,17.4,13448.0,United Kingdom
536401,01-12-2010,11:21:00 AM,22110,BIRD HOUSE HOT WATER BOTTLE,1,2.55,2.55,15862.0,United Kingdom
536401,01-12-2010,11:21:00 AM,22098,BOUDOIR SQUARE TISSUE BOX,1,1.25,1.25,15862.0,United Kingdom
536401,01-12-2010,11:21:00 AM,22100,SKULLS SQUARE TISSUE BOX,2,1.25,2.5,15862.0,United Kingdom
536401,01-12-2010,11:21:00 AM,22766,PHOTO FRAME CORNICE,1,2.95,2.95,15862.0,United Kingdom
536401,01-12-2010,11:21:00 AM,22451,SILK PURSE BABUSHKA RED,1,3.35,3.35,15862.0,United Kingdom
536401,01-12-2010,11:21:00 AM,22549,PICTURE DOMINOES,1,1.45,1.45,15862.0,United Kingdom
536401,01-12-2010,11:21:00 AM,84744,S/6 SEW ON CROCHET FLOWERS,1,1.25,1.25,15862.0,United Kingdom
536401,01-12-2010,11:21:00 AM,85049E,SCANDINAVIAN REDS RIBBONS,2,1.25,2.5,15862.0,United Kingdom
536401,01-12-2010,11:21:00 AM,21328,BALLOONS  WRITING SET ,1,1.65,1.65,15862.0,United Kingdom
536401,01-12-2010,11:21:00 AM,22961,JAM MAKING SET PRINTED,4,1.45,5.8,15862.0,United Kingdom
536401,01-12-2010,11:21:00 AM,17091A,LAVENDER INCENSE IN TIN,1,1.25,1.25,15862.0,United Kingdom
536401,01-12-2010,11:21:00 AM,22473,TV DINNER TRAY VINTAGE PAISLEY,1,4.95,4.95,15862.0,United Kingdom
536401,01-12-2010,11:21:00 AM,84509A,SET OF 4 ENGLISH ROSE PLACEMATS,2,3.75,7.5,15862.0,United Kingdom
536401,01-12-2010,11:21:00 AM,84510A,SET OF 4 ENGLISH ROSE COASTERS,2,1.25,2.5,15862.0,United Kingdom
536401,01-12-2010,11:21:00 AM,22767,TRIPLE PHOTO FRAME CORNICE ,2,9.95,19.9,15862.0,United Kingdom
536401,01-12-2010,11:21:00 AM,22768,FAMILY PHOTO FRAME CORNICE,1,9.95,9.95,15862.0,United Kingdom
536401,01-12-2010,11:21:00 AM,21463,MIRRORED DISCO BALL ,1,5.95,5.95,15862.0,United Kingdom
536401,01-12-2010,11:21:00 AM,21464,DISCO BALL ROTATOR BATTERY OPERATED,1,4.25,4.25,15862.0,United Kingdom
536401,01-12-2010,11:21:00 AM,20820,SILVER LOOKING MIRROR,3,4.95,14.85,15862.0,United Kingdom
536401,01-12-2010,11:21:00 AM,85150,LADIES & GENTLEMEN METAL SIGN,1,2.55,2.55,15862.0,United Kingdom
536401,01-12-2010,11:21:00 AM,22117,METAL SIGN HER DINNER IS SERVED ,1,2.95,2.95,15862.0,United Kingdom
536401,01-12-2010,11:21:00 AM,21169,YOU'RE CONFUSING ME METAL SIGN ,2,1.69,3.38,15862.0,United Kingdom
536401,01-12-2010,11:21:00 AM,48129,DOORMAT TOPIARY,1,7.95,7.95,15862.0,United Kingdom
536401,01-12-2010,11:21:00 AM,82580,BATHROOM METAL SIGN,1,0.55,0.55,15862.0,United Kingdom
536401,01-12-2010,11:21:00 AM,82578,KITCHEN METAL SIGN,1,0.55,0.55,15862.0,United Kingdom
536401,01-12-2010,11:21:00 AM,82581,TOILET METAL SIGN,2,0.55,1.1,15862.0,United Kingdom
536401,01-12-2010,11:21:00 AM,22413,METAL SIGN TAKE IT OR LEAVE IT ,4,2.95,11.8,15862.0,United Kingdom
536401,01-12-2010,11:21:00 AM,21907,I'M ON HOLIDAY METAL SIGN,2,2.1,4.2,15862.0,United Kingdom
536401,01-12-2010,11:21:00 AM,22441,GROW YOUR OWN BASIL IN ENAMEL MUG,1,2.1,2.1,15862.0,United Kingdom
536401,01-12-2010,11:21:00 AM,21122,SET/10 PINK POLKADOT PARTY CANDLES,1,1.25,1.25,15862.0,United Kingdom
536401,01-12-2010,11:21:00 AM,22851,SET 20 NAPKINS FAIRY CAKES DESIGN ,1,0.85,0.85,15862.0,United Kingdom
536401,01-12-2010,11:21:00 AM,84991,60 TEATIME FAIRY CAKE CASES,3,0.55,1.65,15862.0,United Kingdom
536401,01-12-2010,11:21:00 AM,22810,SET OF 6 T-LIGHTS SNOWMEN,1,2.95,2.95,15862.0,United Kingdom
536401,01-12-2010,11:21:00 AM,22809,SET OF 6 T-LIGHTS SANTA,1,2.95,2.95,15862.0,United Kingdom
536401,01-12-2010,11:21:00 AM,22435,SET OF 9 HEART SHAPED BALLOONS,2,1.25,2.5,15862.0,United Kingdom
536401,01-12-2010,11:21:00 AM,20966,SANDWICH BATH SPONGE,3,1.25,3.75,15862.0,United Kingdom
536401,01-12-2010,11:21:00 AM,20963,APPLE BATH SPONGE,1,1.25,1.25,15862.0,United Kingdom
536401,01-12-2010,11:21:00 AM,20961,STRAWBERRY BATH SPONGE ,1,1.25,1.25,15862.0,United Kingdom
536401,01-12-2010,11:21:00 AM,22068,BLACK PIRATE TREASURE CHEST,2,1.65,3.3,15862.0,United Kingdom
536401,01-12-2010,11:21:00 AM,21743,STAR PORTABLE TABLE LIGHT ,2,2.95,5.9,15862.0,United Kingdom
536401,01-12-2010,11:21:00 AM,21744,SNOWFLAKE PORTABLE TABLE LIGHT ,2,2.95,5.9,15862.0,United Kingdom
536401,01-12-2010,11:21:00 AM,84709B,PINK OVAL JEWELLED MIRROR,1,5.95,5.95,15862.0,United Kingdom
536401,01-12-2010,11:21:00 AM,21592,RETROSPOT CIGAR BOX MATCHES ,1,1.25,1.25,15862.0,United Kingdom
536401,01-12-2010,11:21:00 AM,21587,COSY HOUR GIANT TUBE MATCHES,2,2.55,5.1,15862.0,United Kingdom
536401,01-12-2010,11:21:00 AM,20992,JAZZ HEARTS PURSE NOTEBOOK,9,0.85,7.65,15862.0,United Kingdom
536401,01-12-2010,11:21:00 AM,22662,LUNCH BAG DOLLY GIRL DESIGN,1,1.65,1.65,15862.0,United Kingdom
536401,01-12-2010,11:21:00 AM,85123A,WHITE HANGING HEART T-LIGHT HOLDER,4,2.95,11.8,15862.0,United Kingdom
536401,01-12-2010,11:21:00 AM,22804,CANDLEHOLDER PINK HANGING HEART,3,2.95,8.85,15862.0,United Kingdom
536401,01-12-2010,11:21:00 AM,82483,WOOD 2 DRAWER CABINET WHITE FINISH,1,5.95,5.95,15862.0,United Kingdom
536401,01-12-2010,11:21:00 AM,20749,ASSORTED COLOUR MINI CASES,1,7.95,7.95,15862.0,United Kingdom
536401,01-12-2010,11:21:00 AM,20725,LUNCH BAG RED RETROSPOT,1,1.65,1.65,15862.0,United Kingdom
536401,01-12-2010,11:21:00 AM,22382,LUNCH BAG SPACEBOY DESIGN ,2,1.65,3.3,15862.0,United Kingdom
536401,01-12-2010,11:21:00 AM,20726,LUNCH BAG WOODLAND,1,1.65,1.65,15862.0,United Kingdom
536401,01-12-2010,11:21:00 AM,22384,LUNCH BAG PINK POLKADOT,1,1.65,1.65,15862.0,United Kingdom
536401,01-12-2010,11:21:00 AM,22467,GUMBALL COAT RACK,5,2.55,12.75,15862.0,United Kingdom
536401,01-12-2010,11:21:00 AM,84625C,BLUE NEW BAROQUE CANDLESTICK CANDLE,3,2.95,8.85,15862.0,United Kingdom
536401,01-12-2010,11:21:00 AM,84625A,PINK NEW BAROQUECANDLESTICK CANDLE,3,2.95,8.85,15862.0,United Kingdom
536401,01-12-2010,11:21:00 AM,21108,FAIRY CAKE FLANNEL ASSORTED COLOUR,9,2.55,22.95,15862.0,United Kingdom
536401,01-12-2010,11:21:00 AM,22848,BREAD BIN DINER STYLE PINK,1,16.95,16.95,15862.0,United Kingdom
536401,01-12-2010,11:21:00 AM,21033,JUMBO BAG CHARLIE AND LOLA TOYS,4,2.95,11.8,15862.0,United Kingdom
536401,01-12-2010,11:21:00 AM,47570B,TEA TIME TABLE CLOTH,1,10.65,10.65,15862.0,United Kingdom
536401,01-12-2010,11:21:00 AM,84030E,ENGLISH ROSE HOT WATER BOTTLE,1,4.25,4.25,15862.0,United Kingdom
536401,01-12-2010,11:21:00 AM,22428,ENAMEL FIRE BUCKET CREAM,2,6.95,13.9,15862.0,United Kingdom
536401,01-12-2010,11:21:00 AM,22502,PICNIC BASKET WICKER SMALL,2,5.95,11.9,15862.0,United Kingdom
536402,01-12-2010,11:22:00 AM,22086,PAPER CHAIN KIT 50'S CHRISTMAS ,40,2.55,102.0,15513.0,United Kingdom
536402,01-12-2010,11:22:00 AM,22910,PAPER CHAIN KIT VINTAGE CHRISTMAS,40,2.55,102.0,15513.0,United Kingdom
536402,01-12-2010,11:22:00 AM,22837,HOT WATER BOTTLE BABUSHKA ,36,4.25,153.0,15513.0,United Kingdom
536403,01-12-2010,11:27:00 AM,22867,HAND WARMER BIRD DESIGN,96,1.85,177.6,12791.0,Netherlands
536403,01-12-2010,11:27:00 AM,POST,POSTAGE,1,15.0,15.0,12791.0,Netherlands
536404,01-12-2010,11:29:00 AM,22297,HEART IVORY TRELLIS SMALL,24,1.25,30.0,16218.0,United Kingdom
536404,01-12-2010,11:29:00 AM,22771,CLEAR DRAWER KNOB ACRYLIC EDWARDIAN,12,1.25,15.0,16218.0,United Kingdom
536404,01-12-2010,11:29:00 AM,22772,PINK DRAWER KNOB ACRYLIC EDWARDIAN,12,1.25,15.0,16218.0,United Kingdom
536404,01-12-2010,11:29:00 AM,22773,GREEN DRAWER KNOB ACRYLIC EDWARDIAN,12,1.25,15.0,16218.0,United Kingdom
536404,01-12-2010,11:29:00 AM,22805,BLUE DRAWER KNOB ACRYLIC EDWARDIAN,12,1.25,15.0,16218.0,United Kingdom
536404,01-12-2010,11:29:00 AM,22469,HEART OF WICKER SMALL,12,1.65,19.8,16218.0,United Kingdom
536404,01-12-2010,11:29:00 AM,22197,SMALL POPCORN HOLDER,36,0.85,30.6,16218.0,United Kingdom
536404,01-12-2010,11:29:00 AM,21125,SET 6 FOOTBALL CELEBRATION CANDLES,12,1.25,15.0,16218.0,United Kingdom
536404,01-12-2010,11:29:00 AM,21126,SET OF 6 GIRLS CELEBRATION CANDLES,12,1.25,15.0,16218.0,United Kingdom
536404,01-12-2010,11:29:00 AM,85049C,ROMANTIC PINKS RIBBONS ,12,1.25,15.0,16218.0,United Kingdom
536404,01-12-2010,11:29:00 AM,85049D,BRIGHT BLUES RIBBONS ,12,1.25,15.0,16218.0,United Kingdom
536404,01-12-2010,11:29:00 AM,85049E,SCANDINAVIAN REDS RIBBONS,12,1.25,15.0,16218.0,United Kingdom
536404,01-12-2010,11:29:00 AM,85049G,CHOCOLATE BOX RIBBONS ,12,1.25,15.0,16218.0,United Kingdom
536404,01-12-2010,11:29:00 AM,21061,PARTY INVITES FOOTBALL,12,0.85,10.2,16218.0,United Kingdom
536404,01-12-2010,11:29:00 AM,21063,PARTY INVITES JAZZ HEARTS,12,0.85,10.2,16218.0,United Kingdom
536404,01-12-2010,11:29:00 AM,21062,PARTY INVITES SPACEMAN,12,0.85,10.2,16218.0,United Kingdom
536404,01-12-2010,11:29:00 AM,84380,SET OF 3 BUTTERFLY COOKIE CUTTERS,12,1.25,15.0,16218.0,United Kingdom
536404,01-12-2010,11:29:00 AM,84378,SET OF 3 HEART COOKIE CUTTERS,12,1.25,15.0,16218.0,United Kingdom
536404,01-12-2010,11:29:00 AM,22964,3 PIECE SPACEBOY COOKIE CUTTER SET,12,2.1,25.2,16218.0,United Kingdom
536404,01-12-2010,11:29:00 AM,21213,PACK OF 72 SKULL CAKE CASES,24,0.55,13.2,16218.0,United Kingdom
536404,01-12-2010,11:29:00 AM,22417,PACK OF 60 SPACEBOY CAKE CASES,24,0.55,13.2,16218.0,United Kingdom
536404,01-12-2010,11:29:00 AM,21212,PACK OF 72 RETROSPOT CAKE CASES,24,0.55,13.2,16218.0,United Kingdom
536404,01-12-2010,11:29:00 AM,84992,72 SWEETHEART FAIRY CAKE CASES,24,0.55,13.2,16218.0,United Kingdom
536404,01-12-2010,11:29:00 AM,21975,PACK OF 60 DINOSAUR CAKE CASES,24,0.55,13.2,16218.0,United Kingdom
536404,01-12-2010,11:29:00 AM,22383,LUNCH BAG SUKI  DESIGN ,10,1.65,16.5,16218.0,United Kingdom
536404,01-12-2010,11:29:00 AM,20728,LUNCH BAG CARS BLUE,10,1.65,16.5,16218.0,United Kingdom
536404,01-12-2010,11:29:00 AM,20727,LUNCH BAG  BLACK SKULL.,10,1.65,16.5,16218.0,United Kingdom
536404,01-12-2010,11:29:00 AM,22296,HEART IVORY TRELLIS LARGE,24,1.65,39.6,16218.0,United Kingdom
536405,01-12-2010,11:32:00 AM,20914,SET/5 RED RETROSPOT LID GLASS BOWLS,128,2.55,326.4,14045.0,United Kingdom
536406,01-12-2010,11:33:00 AM,85123A,WHITE HANGING HEART T-LIGHT HOLDER,8,2.55,20.4,17850.0,United Kingdom
536406,01-12-2010,11:33:00 AM,71053,WHITE METAL LANTERN,8,3.39,27.12,17850.0,United Kingdom
536406,01-12-2010,11:33:00 AM,84406B,CREAM CUPID HEARTS COAT HANGER,8,2.75,22.0,17850.0,United Kingdom
536406,01-12-2010,11:33:00 AM,20679,EDWARDIAN PARASOL RED,6,4.95,29.7,17850.0,United Kingdom
536406,01-12-2010,11:33:00 AM,37370,RETRO COFFEE MUGS ASSORTED,6,1.06,6.36,17850.0,United Kingdom
536406,01-12-2010,11:33:00 AM,21871,SAVE THE PLANET MUG,6,1.06,6.36,17850.0,United Kingdom
536406,01-12-2010,11:33:00 AM,21071,VINTAGE BILLBOARD DRINK ME MUG,6,1.06,6.36,17850.0,United Kingdom
536406,01-12-2010,11:33:00 AM,21068,VINTAGE BILLBOARD LOVE/HATE MUG,6,1.06,6.36,17850.0,United Kingdom
536406,01-12-2010,11:33:00 AM,82483,WOOD 2 DRAWER CABINET WHITE FINISH,4,4.95,19.8,17850.0,United Kingdom
536406,01-12-2010,11:33:00 AM,82486,WOOD S/3 CABINET ANT WHITE FINISH,4,6.95,27.8,17850.0,United Kingdom
536406,01-12-2010,11:33:00 AM,82482,WOODEN PICTURE FRAME WHITE FINISH,6,2.1,12.6,17850.0,United Kingdom
536406,01-12-2010,11:33:00 AM,82494L,WOODEN FRAME ANTIQUE WHITE ,6,2.55,15.3,17850.0,United Kingdom
536406,01-12-2010,11:33:00 AM,84029G,KNITTED UNION FLAG HOT WATER BOTTLE,6,3.39,20.34,17850.0,United Kingdom
536406,01-12-2010,11:33:00 AM,84029E,RED WOOLLY HOTTIE WHITE HEART.,6,3.39,20.34,17850.0,United Kingdom
536406,01-12-2010,11:33:00 AM,22752,SET 7 BABUSHKA NESTING BOXES,2,7.65,15.3,17850.0,United Kingdom
536406,01-12-2010,11:33:00 AM,22803,IVORY EMBROIDERED QUILT ,2,35.75,71.5,17850.0,United Kingdom
536406,01-12-2010,11:33:00 AM,21730,GLASS STAR FROSTED T-LIGHT HOLDER,6,4.25,25.5,17850.0,United Kingdom
536407,01-12-2010,11:34:00 AM,22632,HAND WARMER RED POLKA DOT,6,1.85,11.1,17850.0,United Kingdom
536407,01-12-2010,11:34:00 AM,22633,HAND WARMER UNION JACK,6,1.85,11.1,17850.0,United Kingdom
536408,01-12-2010,11:41:00 AM,22537,MAGIC DRAWING SLATE DINOSAUR,24,0.42,10.08,14307.0,United Kingdom
536408,01-12-2010,11:41:00 AM,22533,MAGIC DRAWING SLATE BAKE A CAKE ,24,0.42,10.08,14307.0,United Kingdom
536408,01-12-2010,11:41:00 AM,20982,12 PENCILS TALL TUBE SKULLS,12,0.85,10.2,14307.0,United Kingdom
536408,01-12-2010,11:41:00 AM,21832,CHOCOLATE CALCULATOR,12,1.65,19.8,14307.0,United Kingdom
536408,01-12-2010,11:41:00 AM,21915,RED  HARMONICA IN BOX ,12,1.25,15.0,14307.0,United Kingdom
536408,01-12-2010,11:41:00 AM,21914,BLUE HARMONICA IN BOX ,12,1.25,15.0,14307.0,United Kingdom
536408,01-12-2010,11:41:00 AM,21544,SKULLS  WATER TRANSFER TATTOOS ,12,0.85,10.2,14307.0,United Kingdom
536408,01-12-2010,11:41:00 AM,22813,PACK 3 BOXES BIRD PANNETONE ,12,1.95,23.4,14307.0,United Kingdom
536408,01-12-2010,11:41:00 AM,22114,HOT WATER BOTTLE TEA AND SYMPATHY,4,3.95,15.8,14307.0,United Kingdom
536408,01-12-2010,11:41:00 AM,84029E,RED WOOLLY HOTTIE WHITE HEART.,4,3.75,15.0,14307.0,United Kingdom
536408,01-12-2010,11:41:00 AM,21479,WHITE SKULL HOT WATER BOTTLE ,4,3.75,15.0,14307.0,United Kingdom
536408,01-12-2010,11:41:00 AM,22964,3 PIECE SPACEBOY COOKIE CUTTER SET,6,2.1,12.6,14307.0,United Kingdom
536408,01-12-2010,11:41:00 AM,84375,SET OF 20 KIDS COOKIE CUTTERS,12,2.1,25.2,14307.0,United Kingdom
536408,01-12-2010,11:41:00 AM,22418,10 COLOUR SPACEBOY PEN,24,0.85,20.4,14307.0,United Kingdom
536408,01-12-2010,11:41:00 AM,22178,VICTORIAN GLASS HANGING T-LIGHT,12,1.25,15.0,14307.0,United Kingdom
536408,01-12-2010,11:41:00 AM,84970L,SINGLE HEART ZINC T-LIGHT HOLDER,12,0.95,11.4,14307.0,United Kingdom
536408,01-12-2010,11:41:00 AM,21733,RED HANGING HEART T-LIGHT HOLDER,6,2.95,17.7,14307.0,United Kingdom
536408,01-12-2010,11:41:00 AM,22465,HANGING METAL STAR LANTERN,12,1.65,19.8,14307.0,United Kingdom
536408,01-12-2010,11:41:00 AM,84949,SILVER HANGING T-LIGHT HOLDER,6,1.65,9.9,14307.0,United Kingdom
536408,01-12-2010,11:41:00 AM,20685,DOORMAT RED RETROSPOT,2,7.95,15.9,14307.0,United Kingdom
536408,01-12-2010,11:41:00 AM,48194,DOORMAT HEARTS,2,7.95,15.9,14307.0,United Kingdom
536408,01-12-2010,11:41:00 AM,22488,NATURAL SLATE RECTANGLE CHALKBOARD,12,1.65,19.8,14307.0,United Kingdom
536408,01-12-2010,11:41:00 AM,22219,LOVEBIRD HANGING DECORATION WHITE ,12,0.85,10.2,14307.0,United Kingdom
536408,01-12-2010,11:41:00 AM,84879,ASSORTED COLOUR BIRD ORNAMENT,8,1.69,13.52,14307.0,United Kingdom
536408,01-12-2010,11:41:00 AM,21754,HOME BUILDING BLOCK WORD,3,5.95,17.85,14307.0,United Kingdom
536408,01-12-2010,11:41:00 AM,21755,LOVE BUILDING BLOCK WORD,3,5.95,17.85,14307.0,United Kingdom
536408,01-12-2010,11:41:00 AM,22766,PHOTO FRAME CORNICE,8,2.95,23.6,14307.0,United Kingdom
536408,01-12-2010,11:41:00 AM,22610,PENS ASSORTED FUNNY FACE,36,0.85,30.6,14307.0,United Kingdom
536408,01-12-2010,11:41:00 AM,22716,CARD CIRCUS PARADE,12,0.42,5.04,14307.0,United Kingdom
536408,01-12-2010,11:41:00 AM,22706,WRAP COWBOYS  ,25,0.42,10.5,14307.0,United Kingdom
536408,01-12-2010,11:41:00 AM,22371,AIRLINE BAG VINTAGE TOKYO 78,4,4.25,17.0,14307.0,United Kingdom
536408,01-12-2010,11:41:00 AM,85014B,RED RETROSPOT UMBRELLA,3,5.95,17.85,14307.0,United Kingdom
536408,01-12-2010,11:41:00 AM,85014A,BLACK/BLUE POLKADOT UMBRELLA,3,5.95,17.85,14307.0,United Kingdom
536408,01-12-2010,11:41:00 AM,84997B,RED 3 PIECE RETROSPOT CUTLERY SET,6,3.75,22.5,14307.0,United Kingdom
536408,01-12-2010,11:41:00 AM,21212,PACK OF 72 RETROSPOT CAKE CASES,24,0.55,13.2,14307.0,United Kingdom
536408,01-12-2010,11:41:00 AM,21210,SET OF 72 RETROSPOT PAPER  DOILIES,12,1.45,17.4,14307.0,United Kingdom
536408,01-12-2010,11:41:00 AM,22914,BLUE COAT RACK PARIS FASHION,3,4.95,14.85,14307.0,United Kingdom
536408,01-12-2010,11:41:00 AM,22553,PLASTERS IN TIN SKULLS,12,1.65,19.8,14307.0,United Kingdom
536408,01-12-2010,11:41:00 AM,16237,SLEEPING CAT ERASERS,30,0.21,6.3,14307.0,United Kingdom
536408,01-12-2010,11:41:00 AM,22714,CARD BIRTHDAY COWBOY,12,0.42,5.04,14307.0,United Kingdom
536408,01-12-2010,11:41:00 AM,22812,PACK 3 BOXES CHRISTMAS PANNETONE,12,1.95,23.4,14307.0,United Kingdom
536408,01-12-2010,11:41:00 AM,84347,ROTATING SILVER ANGELS T-LIGHT HLDR,6,2.55,15.3,14307.0,United Kingdom
536408,01-12-2010,11:41:00 AM,21587,COSY HOUR GIANT TUBE MATCHES,12,2.55,30.6,14307.0,United Kingdom
536408,01-12-2010,11:41:00 AM,22736,RIBBON REEL MAKING SNOWMEN ,10,1.65,16.5,14307.0,United Kingdom
536408,01-12-2010,11:41:00 AM,22492,MINI PAINT SET VINTAGE ,36,0.65,23.4,14307.0,United Kingdom
536408,01-12-2010,11:41:00 AM,22620,4 TRADITIONAL SPINNING TOPS,12,1.25,15.0,14307.0,United Kingdom
536408,01-12-2010,11:41:00 AM,22619,SET OF 6 SOLDIER SKITTLES,4,3.75,15.0,14307.0,United Kingdom
536408,01-12-2010,11:41:00 AM,21705,BAG 500g SWIRLY MARBLES,12,1.65,19.8,14307.0,United Kingdom
536409,01-12-2010,11:45:00 AM,90199C,5 STRAND GLASS NECKLACE CRYSTAL,3,6.35,19.05,17908.0,United Kingdom
536409,01-12-2010,11:45:00 AM,21479,WHITE SKULL HOT WATER BOTTLE ,1,3.75,3.75,17908.0,United Kingdom
536409,01-12-2010,11:45:00 AM,22111,SCOTTIE DOG HOT WATER BOTTLE,1,4.95,4.95,17908.0,United Kingdom
536409,01-12-2010,11:45:00 AM,22785,SQUARECUSHION COVER PINK UNION FLAG,1,6.75,6.75,17908.0,United Kingdom
536409,01-12-2010,11:45:00 AM,22975,SPACEBOY CHILDRENS EGG CUP,1,1.25,1.25,17908.0,United Kingdom
536409,01-12-2010,11:45:00 AM,22972,CHILDREN'S SPACEBOY MUG,1,1.65,1.65,17908.0,United Kingdom
536409,01-12-2010,11:45:00 AM,22866,HAND WARMER SCOTTY DOG DESIGN,1,2.1,2.1,17908.0,United Kingdom
536409,01-12-2010,11:45:00 AM,22568,FELTCRAFT CUSHION OWL,1,3.75,3.75,17908.0,United Kingdom
536409,01-12-2010,11:45:00 AM,85116,BLACK CANDELABRA T-LIGHT HOLDER,1,2.1,2.1,17908.0,United Kingdom
536409,01-12-2010,11:45:00 AM,22664,TOY TIDY DOLLY GIRL DESIGN,1,2.1,2.1,17908.0,United Kingdom
536409,01-12-2010,11:45:00 AM,21609,SET 12 LAVENDER  BOTANICAL T-LIGHTS,1,2.95,2.95,17908.0,United Kingdom
536409,01-12-2010,11:45:00 AM,21866,UNION JACK FLAG LUGGAGE TAG,1,1.25,1.25,17908.0,United Kingdom
536409,01-12-2010,11:45:00 AM,20669,RED HEART LUGGAGE TAG,1,1.25,1.25,17908.0,United Kingdom
536409,01-12-2010,11:45:00 AM,90129F,RED GLASS TASSLE BAG CHARM,1,2.95,2.95,17908.0,United Kingdom
536409,01-12-2010,11:45:00 AM,90210B,CLEAR ACRYLIC FACETED BANGLE,1,2.95,2.95,17908.0,United Kingdom
536409,01-12-2010,11:45:00 AM,90199C,5 STRAND GLASS NECKLACE CRYSTAL,1,6.35,6.35,17908.0,United Kingdom
536409,01-12-2010,11:45:00 AM,21955,DOORMAT UNION JACK GUNS AND ROSES,1,7.95,7.95,17908.0,United Kingdom
536409,01-12-2010,11:45:00 AM,72802C,VANILLA SCENT CANDLE JEWELLED BOX,1,4.25,4.25,17908.0,United Kingdom
536409,01-12-2010,11:45:00 AM,22109,FULL ENGLISH BREAKFAST PLATE,1,3.75,3.75,17908.0,United Kingdom
536409,01-12-2010,11:45:00 AM,85116,BLACK CANDELABRA T-LIGHT HOLDER,5,2.1,10.5,17908.0,United Kingdom
536409,01-12-2010,11:45:00 AM,22531,MAGIC DRAWING SLATE CIRCUS PARADE  ,1,0.42,0.42,17908.0,United Kingdom
536409,01-12-2010,11:45:00 AM,21811,CHRISTMAS HANGING HEART WITH BELL,1,1.25,1.25,17908.0,United Kingdom
536409,01-12-2010,11:45:00 AM,22183,CAKE STAND VICTORIAN FILIGREE MED,1,6.75,6.75,17908.0,United Kingdom
536409,01-12-2010,11:45:00 AM,21678,PAISLEY PATTERN  STICKERS,6,0.85,5.1,17908.0,United Kingdom
536409,01-12-2010,11:45:00 AM,21676,FLOWERS  STICKERS,6,0.85,5.1,17908.0,United Kingdom
536409,01-12-2010,11:45:00 AM,84625A,PINK NEW BAROQUECANDLESTICK CANDLE,1,2.95,2.95,17908.0,United Kingdom
536409,01-12-2010,11:45:00 AM,84625C,BLUE NEW BAROQUE CANDLESTICK CANDLE,3,2.95,8.85,17908.0,United Kingdom
536409,01-12-2010,11:45:00 AM,21931,JUMBO STORAGE BAG SUKI,2,1.95,3.9,17908.0,United Kingdom
536409,01-12-2010,11:45:00 AM,85169B,BLACK LOVE BIRD CANDLE,12,1.25,15.0,17908.0,United Kingdom
536409,01-12-2010,11:45:00 AM,16238,PARTY TIME PENCIL ERASERS,28,0.21,5.88,17908.0,United Kingdom
536409,01-12-2010,11:45:00 AM,20668,DISCO BALL CHRISTMAS DECORATION,24,0.12,2.88,17908.0,United Kingdom
536409,01-12-2010,11:45:00 AM,84906,PINK B'FLY C/COVER W BOBBLES,1,5.95,5.95,17908.0,United Kingdom
536409,01-12-2010,11:45:00 AM,21867,PINK UNION JACK  LUGGAGE TAG,1,1.25,1.25,17908.0,United Kingdom
536409,01-12-2010,11:45:00 AM,22075,6 RIBBONS ELEGANT CHRISTMAS ,1,1.65,1.65,17908.0,United Kingdom
536409,01-12-2010,11:45:00 AM,21866,UNION JACK FLAG LUGGAGE TAG,1,1.25,1.25,17908.0,United Kingdom
536409,01-12-2010,11:45:00 AM,21326,AGED GLASS SILVER T-LIGHT HOLDER,12,0.65,7.8,17908.0,United Kingdom
536409,01-12-2010,11:45:00 AM,21065,BOOM BOX SPEAKER GIRLS,1,5.95,5.95,17908.0,United Kingdom
536409,01-12-2010,11:45:00 AM,22074,6 RIBBONS SHIMMERING PINKS ,1,1.65,1.65,17908.0,United Kingdom
536409,01-12-2010,11:45:00 AM,22900, SET 2 TEA TOWELS I LOVE LONDON ,1,2.95,2.95,17908.0,United Kingdom
536409,01-12-2010,11:45:00 AM,20713,JUMBO BAG OWLS,1,1.95,1.95,17908.0,United Kingdom
536409,01-12-2010,11:45:00 AM,20966,SANDWICH BATH SPONGE,2,1.25,2.5,17908.0,United Kingdom
536409,01-12-2010,11:45:00 AM,21116,OWL DOORSTOP,1,4.95,4.95,17908.0,United Kingdom
536409,01-12-2010,11:45:00 AM,90199C,5 STRAND GLASS NECKLACE CRYSTAL,2,6.35,12.7,17908.0,United Kingdom
536409,01-12-2010,11:45:00 AM,22633,HAND WARMER UNION JACK,1,2.1,2.1,17908.0,United Kingdom
536409,01-12-2010,11:45:00 AM,22866,HAND WARMER SCOTTY DOG DESIGN,1,2.1,2.1,17908.0,United Kingdom
536409,01-12-2010,11:45:00 AM,22198,LARGE POPCORN HOLDER ,1,1.65,1.65,17908.0,United Kingdom
536409,01-12-2010,11:45:00 AM,21824,PAINTED METAL STAR WITH HOLLY BELLS,3,1.45,4.35,17908.0,United Kingdom
536409,01-12-2010,11:45:00 AM,21823,PAINTED METAL HEART WITH HOLLY BELL,3,1.45,4.35,17908.0,United Kingdom
536409,01-12-2010,11:45:00 AM,22153,ANGEL DECORATION STARS ON DRESS,6,0.42,2.52,17908.0,United Kingdom
536409,01-12-2010,11:45:00 AM,22197,SMALL POPCORN HOLDER,2,0.85,1.7,17908.0,United Kingdom
536409,01-12-2010,11:45:00 AM,85099B,JUMBO BAG RED RETROSPOT,2,1.95,3.9,17908.0,United Kingdom
536409,01-12-2010,11:45:00 AM,85099F,JUMBO BAG STRAWBERRY,1,1.95,1.95,17908.0,United Kingdom
536409,01-12-2010,11:45:00 AM,20717,STRAWBERRY SHOPPER BAG,1,1.25,1.25,17908.0,United Kingdom
536409,01-12-2010,11:45:00 AM,20723,STRAWBERRY CHARLOTTE BAG,1,0.85,0.85,17908.0,United Kingdom
536409,01-12-2010,11:45:00 AM,22900, SET 2 TEA TOWELS I LOVE LONDON ,1,2.95,2.95,17908.0,United Kingdom
536409,01-12-2010,11:45:00 AM,21980,PACK OF 12 RED RETROSPOT TISSUES ,12,0.29,3.48,17908.0,United Kingdom
536409,01-12-2010,11:45:00 AM,22111,SCOTTIE DOG HOT WATER BOTTLE,1,4.95,4.95,17908.0,United Kingdom
536409,01-12-2010,11:45:00 AM,22112,CHOCOLATE HOT WATER BOTTLE,1,4.95,4.95,17908.0,United Kingdom
536412,01-12-2010,11:49:00 AM,20728,LUNCH BAG CARS BLUE,3,1.65,4.95,17920.0,United Kingdom
536412,01-12-2010,11:49:00 AM,22382,LUNCH BAG SPACEBOY DESIGN ,3,1.65,4.95,17920.0,United Kingdom
536412,01-12-2010,11:49:00 AM,22326,ROUND SNACK BOXES SET OF4 WOODLAND ,1,2.95,2.95,17920.0,United Kingdom
536412,01-12-2010,11:49:00 AM,22662,LUNCH BAG DOLLY GIRL DESIGN,4,1.65,6.6,17920.0,United Kingdom
536412,01-12-2010,11:49:00 AM,22383,LUNCH BAG SUKI  DESIGN ,3,1.65,4.95,17920.0,United Kingdom
536412,01-12-2010,11:49:00 AM,20727,LUNCH BAG  BLACK SKULL.,3,1.65,4.95,17920.0,United Kingdom
536412,01-12-2010,11:49:00 AM,22328,ROUND SNACK BOXES SET OF 4 FRUITS ,1,2.95,2.95,17920.0,United Kingdom
536412,01-12-2010,11:49:00 AM,22327,ROUND SNACK BOXES SET OF 4 SKULLS,1,2.95,2.95,17920.0,United Kingdom
536412,01-12-2010,11:49:00 AM,22630,DOLLY GIRL LUNCH BOX,1,1.95,1.95,17920.0,United Kingdom
536412,01-12-2010,11:49:00 AM,22629,SPACEBOY LUNCH BOX ,1,1.95,1.95,17920.0,United Kingdom
536412,01-12-2010,11:49:00 AM,21245,GREEN POLKADOT PLATE ,1,1.69,1.69,17920.0,United Kingdom
536412,01-12-2010,11:49:00 AM,21244,BLUE POLKADOT PLATE ,1,1.69,1.69,17920.0,United Kingdom
536412,01-12-2010,11:49:00 AM,21242,RED RETROSPOT PLATE ,1,1.69,1.69,17920.0,United Kingdom
536412,01-12-2010,11:49:00 AM,21243,PINK  POLKADOT PLATE ,1,1.69,1.69,17920.0,United Kingdom
536412,01-12-2010,11:49:00 AM,22327,ROUND SNACK BOXES SET OF 4 SKULLS,1,2.95,2.95,17920.0,United Kingdom
536412,01-12-2010,11:49:00 AM,22273,FELTCRAFT DOLL MOLLY,1,2.95,2.95,17920.0,United Kingdom
536412,01-12-2010,11:49:00 AM,22940,FELTCRAFT CHRISTMAS FAIRY,3,4.25,12.75,17920.0,United Kingdom
536412,01-12-2010,11:49:00 AM,22652,TRAVEL SEWING KIT,5,1.65,8.25,17920.0,United Kingdom
536412,01-12-2010,11:49:00 AM,22759,SET OF 3 NOTEBOOKS IN PARCEL,1,1.65,1.65,17920.0,United Kingdom
536412,01-12-2010,11:49:00 AM,21880,RED RETROSPOT TAPE,10,0.65,6.5,17920.0,United Kingdom
536412,01-12-2010,11:49:00 AM,21738,COSY SLIPPER SHOES SMALL  RED ,1,2.95,2.95,17920.0,United Kingdom
536412,01-12-2010,11:49:00 AM,22077,6 RIBBONS RUSTIC CHARM,1,1.65,1.65,17920.0,United Kingdom
536412,01-12-2010,11:49:00 AM,85049E,SCANDINAVIAN REDS RIBBONS,3,1.25,3.75,17920.0,United Kingdom
536412,01-12-2010,11:49:00 AM,22961,JAM MAKING SET PRINTED,24,1.45,34.8,17920.0,United Kingdom
536412,01-12-2010,11:49:00 AM,21448,12 DAISY PEGS IN WOOD BOX,2,1.65,3.3,17920.0,United Kingdom
536412,01-12-2010,11:49:00 AM,22837,HOT WATER BOTTLE BABUSHKA ,3,4.65,13.95,17920.0,United Kingdom
536412,01-12-2010,11:49:00 AM,22749,FELTCRAFT PRINCESS CHARLOTTE DOLL,2,3.75,7.5,17920.0,United Kingdom
536412,01-12-2010,11:49:00 AM,22940,FELTCRAFT CHRISTMAS FAIRY,1,4.25,4.25,17920.0,United Kingdom
536412,01-12-2010,11:49:00 AM,22749,FELTCRAFT PRINCESS CHARLOTTE DOLL,1,3.75,3.75,17920.0,United Kingdom
536412,01-12-2010,11:49:00 AM,22077,6 RIBBONS RUSTIC CHARM,2,1.65,3.3,17920.0,United Kingdom
536412,01-12-2010,11:49:00 AM,21738,COSY SLIPPER SHOES SMALL  RED ,2,2.95,5.9,17920.0,United Kingdom
536412,01-12-2010,11:49:00 AM,85049E,SCANDINAVIAN REDS RIBBONS,1,1.25,1.25,17920.0,United Kingdom
536412,01-12-2010,11:49:00 AM,22243,5 HOOK HANGER RED MAGIC TOADSTOOL,6,1.65,9.9,17920.0,United Kingdom
536412,01-12-2010,11:49:00 AM,22141,CHRISTMAS CRAFT TREE TOP ANGEL,1,2.1,2.1,17920.0,United Kingdom
536412,01-12-2010,11:49:00 AM,22144,CHRISTMAS CRAFT LITTLE FRIENDS,2,2.1,4.2,17920.0,United Kingdom
536412,01-12-2010,11:49:00 AM,22243,5 HOOK HANGER RED MAGIC TOADSTOOL,3,1.65,4.95,17920.0,United Kingdom
536412,01-12-2010,11:49:00 AM,22077,6 RIBBONS RUSTIC CHARM,7,1.65,11.55,17920.0,United Kingdom
536412,01-12-2010,11:49:00 AM,21448,12 DAISY PEGS IN WOOD BOX,1,1.65,1.65,17920.0,United Kingdom
536412,01-12-2010,11:49:00 AM,22759,SET OF 3 NOTEBOOKS IN PARCEL,5,1.65,8.25,17920.0,United Kingdom
536412,01-12-2010,11:49:00 AM,22242,5 HOOK HANGER MAGIC TOADSTOOL,5,1.65,8.25,17920.0,United Kingdom
536412,01-12-2010,11:49:00 AM,85049E,SCANDINAVIAN REDS RIBBONS,12,1.25,15.0,17920.0,United Kingdom
536412,01-12-2010,11:49:00 AM,21731,RED TOADSTOOL LED NIGHT LIGHT,5,1.65,8.25,17920.0,United Kingdom
536412,01-12-2010,11:49:00 AM,22243,5 HOOK HANGER RED MAGIC TOADSTOOL,1,1.65,1.65,17920.0,United Kingdom
536412,01-12-2010,11:49:00 AM,21739,COSY SLIPPER SHOES SMALL GREEN,2,2.95,5.9,17920.0,United Kingdom
536412,01-12-2010,11:49:00 AM,21738,COSY SLIPPER SHOES SMALL  RED ,5,2.95,14.75,17920.0,United Kingdom
536412,01-12-2010,11:49:00 AM,22271,FELTCRAFT DOLL ROSIE,2,2.95,5.9,17920.0,United Kingdom
536412,01-12-2010,11:49:00 AM,22273,FELTCRAFT DOLL MOLLY,1,2.95,2.95,17920.0,United Kingdom
536412,01-12-2010,11:49:00 AM,22274,FELTCRAFT DOLL EMILY,2,2.95,5.9,17920.0,United Kingdom
536412,01-12-2010,11:49:00 AM,22749,FELTCRAFT PRINCESS CHARLOTTE DOLL,1,3.75,3.75,17920.0,United Kingdom
536412,01-12-2010,11:49:00 AM,22751,FELTCRAFT PRINCESS OLIVIA DOLL,2,3.75,7.5,17920.0,United Kingdom
536412,01-12-2010,11:49:00 AM,21034,REX CASH+CARRY JUMBO SHOPPER,1,0.95,0.95,17920.0,United Kingdom
536412,01-12-2010,11:49:00 AM,22273,FELTCRAFT DOLL MOLLY,2,2.95,5.9,17920.0,United Kingdom
536412,01-12-2010,11:49:00 AM,22568,FELTCRAFT CUSHION OWL,3,3.75,11.25,17920.0,United Kingdom
536412,01-12-2010,11:49:00 AM,22141,CHRISTMAS CRAFT TREE TOP ANGEL,1,2.1,2.1,17920.0,United Kingdom
536412,01-12-2010,11:49:00 AM,22144,CHRISTMAS CRAFT LITTLE FRIENDS,1,2.1,2.1,17920.0,United Kingdom
536412,01-12-2010,11:49:00 AM,22570,FELTCRAFT CUSHION RABBIT,3,3.75,11.25,17920.0,United Kingdom
536412,01-12-2010,11:49:00 AM,22569,FELTCRAFT CUSHION BUTTERFLY,2,3.75,7.5,17920.0,United Kingdom
536412,01-12-2010,11:49:00 AM,21448,12 DAISY PEGS IN WOOD BOX,1,1.65,1.65,17920.0,United Kingdom
536412,01-12-2010,11:49:00 AM,22086,PAPER CHAIN KIT 50'S CHRISTMAS ,1,2.95,2.95,17920.0,United Kingdom
536412,01-12-2010,11:49:00 AM,22569,FELTCRAFT CUSHION BUTTERFLY,2,3.75,7.5,17920.0,United Kingdom
536412,01-12-2010,11:49:00 AM,21448,12 DAISY PEGS IN WOOD BOX,2,1.65,3.3,17920.0,United Kingdom
536412,01-12-2010,11:49:00 AM,22968,ROSE COTTAGE KEEPSAKE BOX ,4,9.95,39.8,17920.0,United Kingdom
536412,01-12-2010,11:49:00 AM,22902,TOTE BAG I LOVE LONDON,7,2.1,14.7,17920.0,United Kingdom
536412,01-12-2010,11:49:00 AM,21448,12 DAISY PEGS IN WOOD BOX,2,1.65,3.3,17920.0,United Kingdom
536412,01-12-2010,11:49:00 AM,22902,TOTE BAG I LOVE LONDON,7,2.1,14.7,17920.0,United Kingdom
536412,01-12-2010,11:49:00 AM,21710,FOLDING UMBRELLA PINKWHITE POLKADOT,1,4.95,4.95,17920.0,United Kingdom
536412,01-12-2010,11:49:00 AM,21708,FOLDING UMBRELLA CREAM POLKADOT,1,4.95,4.95,17920.0,United Kingdom
536412,01-12-2010,11:49:00 AM,21711,FOLDING UMBRELLA WHITE/RED POLKADOT,1,4.95,4.95,17920.0,United Kingdom
536412,01-12-2010,11:49:00 AM,22179,SET 10 LIGHTS NIGHT OWL,2,6.75,13.5,17920.0,United Kingdom
536412,01-12-2010,11:49:00 AM,22197,SMALL POPCORN HOLDER,5,0.85,4.25,17920.0,United Kingdom
536412,01-12-2010,11:49:00 AM,22900, SET 2 TEA TOWELS I LOVE LONDON ,2,2.95,5.9,17920.0,United Kingdom
536412,01-12-2010,11:49:00 AM,21706,FOLDING UMBRELLA RED/WHITE POLKADOT,1,4.95,4.95,17920.0,United Kingdom
536412,01-12-2010,11:49:00 AM,22468,BABUSHKA LIGHTS STRING OF 10,2,6.75,13.5,17920.0,United Kingdom
536412,01-12-2010,11:49:00 AM,20725,LUNCH BAG RED RETROSPOT,1,1.65,1.65,17920.0,United Kingdom
536412,01-12-2010,11:49:00 AM,85184C,S/4 VALENTINE DECOUPAGE HEART BOX,1,2.95,2.95,17920.0,United Kingdom
536412,01-12-2010,11:49:00 AM,21708,FOLDING UMBRELLA CREAM POLKADOT,1,4.95,4.95,17920.0,United Kingdom
536412,01-12-2010,11:49:00 AM,22900, SET 2 TEA TOWELS I LOVE LONDON ,2,2.95,5.9,17920.0,United Kingdom
536412,01-12-2010,11:49:00 AM,21706,FOLDING UMBRELLA RED/WHITE POLKADOT,1,4.95,4.95,17920.0,United Kingdom
536412,01-12-2010,11:49:00 AM,22988,SOLDIERS EGG CUP ,6,1.25,7.5,17920.0,United Kingdom
536412,01-12-2010,11:49:00 AM,85184C,S/4 VALENTINE DECOUPAGE HEART BOX,1,2.95,2.95,17920.0,United Kingdom
536412,01-12-2010,11:49:00 AM,20750,RED RETROSPOT MINI CASES,1,7.95,7.95,17920.0,United Kingdom
536414,01-12-2010,11:52:00 AM,22139,,56,0.0,0.0,,United Kingdom
536415,01-12-2010,11:57:00 AM,22952,60 CAKE CASES VINTAGE CHRISTMAS,10,0.55,5.5,12838.0,United Kingdom
536415,01-12-2010,11:57:00 AM,22910,PAPER CHAIN KIT VINTAGE CHRISTMAS,5,2.95,14.75,12838.0,United Kingdom
536415,01-12-2010,11:57:00 AM,22739,RIBBON REEL CHRISTMAS SOCK BAUBLE,3,1.65,4.95,12838.0,United Kingdom
536415,01-12-2010,11:57:00 AM,22738,RIBBON REEL SNOWY VILLAGE,3,1.65,4.95,12838.0,United Kingdom
536415,01-12-2010,11:57:00 AM,22736,RIBBON REEL MAKING SNOWMEN ,3,1.65,4.95,12838.0,United Kingdom
536415,01-12-2010,11:57:00 AM,22909,SET OF 20 VINTAGE CHRISTMAS NAPKINS,5,0.85,4.25,12838.0,United Kingdom
536415,01-12-2010,11:57:00 AM,35591T,TURQUOISE CHRISTMAS TREE ,2,1.25,2.5,12838.0,United Kingdom
536415,01-12-2010,11:57:00 AM,22186,RED STAR CARD HOLDER,5,2.95,14.75,12838.0,United Kingdom
536415,01-12-2010,11:57:00 AM,22695,WICKER WREATH SMALL,3,1.45,4.35,12838.0,United Kingdom
536415,01-12-2010,11:57:00 AM,22470,HEART OF WICKER LARGE,1,2.95,2.95,12838.0,United Kingdom
536415,01-12-2010,11:57:00 AM,22580,ADVENT CALENDAR GINGHAM SACK,1,5.95,5.95,12838.0,United Kingdom
536415,01-12-2010,11:57:00 AM,22469,HEART OF WICKER SMALL,5,1.65,8.25,12838.0,United Kingdom
536415,01-12-2010,11:57:00 AM,22147,FELTCRAFT BUTTERFLY HEARTS,4,1.45,5.8,12838.0,United Kingdom
536415,01-12-2010,11:57:00 AM,22130,PARTY CONE CHRISTMAS DECORATION ,6,0.85,5.1,12838.0,United Kingdom
536415,01-12-2010,11:57:00 AM,21791,VINTAGE HEADS AND TAILS CARD GAME ,3,1.25,3.75,12838.0,United Kingdom
536415,01-12-2010,11:57:00 AM,22694,WICKER STAR ,5,2.1,10.5,12838.0,United Kingdom
536415,01-12-2010,11:57:00 AM,21790,VINTAGE SNAP CARDS,3,0.85,2.55,12838.0,United Kingdom
536415,01-12-2010,11:57:00 AM,22149,FELTCRAFT 6 FLOWER FRIENDS,4,2.1,8.4,12838.0,United Kingdom
536415,01-12-2010,11:57:00 AM,22900, SET 2 TEA TOWELS I LOVE LONDON ,3,2.95,8.85,12838.0,United Kingdom
536415,01-12-2010,11:57:00 AM,22961,JAM MAKING SET PRINTED,3,1.45,4.35,12838.0,United Kingdom
536415,01-12-2010,11:57:00 AM,22321,BIRD DECORATION RED RETROSPOT,12,0.85,10.2,12838.0,United Kingdom
536415,01-12-2010,11:57:00 AM,22594,CHRISTMAS GINGHAM TREE,5,0.85,4.25,12838.0,United Kingdom
536415,01-12-2010,11:57:00 AM,22593,CHRISTMAS GINGHAM STAR,4,0.85,3.4,12838.0,United Kingdom
536415,01-12-2010,11:57:00 AM,22595,CHRISTMAS GINGHAM HEART,6,0.85,5.1,12838.0,United Kingdom
536415,01-12-2010,11:57:00 AM,21986,PACK OF 12 PINK POLKADOT TISSUES,12,0.29,3.48,12838.0,United Kingdom
536415,01-12-2010,11:57:00 AM,22750,FELTCRAFT PRINCESS LOLA DOLL,2,3.75,7.5,12838.0,United Kingdom
536415,01-12-2010,11:57:00 AM,22616,PACK OF 12 LONDON TISSUES ,12,0.29,3.48,12838.0,United Kingdom
536415,01-12-2010,11:57:00 AM,22775,PURPLE DRAWERKNOB ACRYLIC EDWARDIAN,1,1.25,1.25,12838.0,United Kingdom
536415,01-12-2010,11:57:00 AM,22899,CHILDREN'S APRON DOLLY GIRL ,2,2.1,4.2,12838.0,United Kingdom
536415,01-12-2010,11:57:00 AM,22367,CHILDRENS APRON SPACEBOY DESIGN,3,1.95,5.85,12838.0,United Kingdom
536415,01-12-2010,11:57:00 AM,22942,CHRISTMAS LIGHTS 10 SANTAS ,3,8.5,25.5,12838.0,United Kingdom
536415,01-12-2010,11:57:00 AM,22941,CHRISTMAS LIGHTS 10 REINDEER,3,8.5,25.5,12838.0,United Kingdom
536415,01-12-2010,11:57:00 AM,22086,PAPER CHAIN KIT 50'S CHRISTMAS ,6,2.95,17.7,12838.0,United Kingdom
536415,01-12-2010,11:57:00 AM,22940,FELTCRAFT CHRISTMAS FAIRY,2,4.25,8.5,12838.0,United Kingdom
536415,01-12-2010,11:57:00 AM,21212,PACK OF 72 RETROSPOT CAKE CASES,2,0.55,1.1,12838.0,United Kingdom
536415,01-12-2010,11:57:00 AM,21976,PACK OF 60 MUSHROOM CAKE CASES,2,0.55,1.1,12838.0,United Kingdom
536415,01-12-2010,11:57:00 AM,22951,60 CAKE CASES DOLLY GIRL DESIGN,2,0.55,1.1,12838.0,United Kingdom
536415,01-12-2010,11:57:00 AM,21977,PACK OF 60 PINK PAISLEY CAKE CASES,3,0.55,1.65,12838.0,United Kingdom
536415,01-12-2010,11:57:00 AM,22834,HAND WARMER BABUSHKA DESIGN,3,2.1,6.3,12838.0,United Kingdom
536415,01-12-2010,11:57:00 AM,22867,HAND WARMER BIRD DESIGN,3,2.1,6.3,12838.0,United Kingdom
536415,01-12-2010,11:57:00 AM,22865,HAND WARMER OWL DESIGN,3,2.1,6.3,12838.0,United Kingdom
536415,01-12-2010,11:57:00 AM,22632,HAND WARMER RED RETROSPOT,3,2.1,6.3,12838.0,United Kingdom
536415,01-12-2010,11:57:00 AM,21916,SET 12 RETRO WHITE CHALK STICKS,2,0.42,0.84,12838.0,United Kingdom
536415,01-12-2010,11:57:00 AM,22587,FELTCRAFT HAIRBAND RED AND BLUE,4,0.85,3.4,12838.0,United Kingdom
536415,01-12-2010,11:57:00 AM,22566,FELTCRAFT HAIRBAND PINK AND PURPLE,3,0.85,2.55,12838.0,United Kingdom
536415,01-12-2010,11:57:00 AM,22565,FELTCRAFT HAIRBANDS PINK AND WHITE ,3,0.85,2.55,12838.0,United Kingdom
536415,01-12-2010,11:57:00 AM,22472,TV DINNER TRAY DOLLY GIRL,2,4.95,9.9,12838.0,United Kingdom
536415,01-12-2010,11:57:00 AM,22557,PLASTERS IN TIN VINTAGE PAISLEY ,3,1.65,4.95,12838.0,United Kingdom
536415,01-12-2010,11:57:00 AM,22551,PLASTERS IN TIN SPACEBOY,3,1.65,4.95,12838.0,United Kingdom
536415,01-12-2010,11:57:00 AM,22554,PLASTERS IN TIN WOODLAND ANIMALS,3,1.65,4.95,12838.0,United Kingdom
536415,01-12-2010,11:57:00 AM,22534,MAGIC DRAWING SLATE SPACEBOY ,3,0.42,1.26,12838.0,United Kingdom
536415,01-12-2010,11:57:00 AM,22531,MAGIC DRAWING SLATE CIRCUS PARADE  ,3,0.42,1.26,12838.0,United Kingdom
536415,01-12-2010,11:57:00 AM,22529,MAGIC DRAWING SLATE GO TO THE FAIR ,3,0.42,1.26,12838.0,United Kingdom
536415,01-12-2010,11:57:00 AM,22530,MAGIC DRAWING SLATE DOLLY GIRL ,3,0.42,1.26,12838.0,United Kingdom
536415,01-12-2010,11:57:00 AM,84032B,CHARLIE + LOLA RED HOT WATER BOTTLE,3,2.95,8.85,12838.0,United Kingdom
536415,01-12-2010,11:57:00 AM,22837,HOT WATER BOTTLE BABUSHKA ,3,4.65,13.95,12838.0,United Kingdom
536415,01-12-2010,11:57:00 AM,85049H,URBAN BLACK RIBBONS ,2,1.25,2.5,12838.0,United Kingdom
536415,01-12-2010,11:57:00 AM,22749,FELTCRAFT PRINCESS CHARLOTTE DOLL,2,3.75,7.5,12838.0,United Kingdom
536415,01-12-2010,11:57:00 AM,22807,SET OF 6 T-LIGHTS TOADSTOOLS,12,2.95,35.4,12838.0,United Kingdom
536416,01-12-2010,11:58:00 AM,21494,ROTATING LEAVES T-LIGHT HOLDER,12,1.25,15.0,13255.0,United Kingdom
536416,01-12-2010,11:58:00 AM,21915,RED  HARMONICA IN BOX ,72,1.25,90.0,13255.0,United Kingdom
536416,01-12-2010,11:58:00 AM,22938,CUPCAKE LACE PAPER SET 6,12,1.95,23.4,13255.0,United Kingdom
536416,01-12-2010,11:58:00 AM,22768,FAMILY PHOTO FRAME CORNICE,4,9.95,39.8,13255.0,United Kingdom
536416,01-12-2010,11:58:00 AM,22767,TRIPLE PHOTO FRAME CORNICE ,4,9.95,39.8,13255.0,United Kingdom
536416,01-12-2010,11:58:00 AM,82494L,WOODEN FRAME ANTIQUE WHITE ,6,2.95,17.7,13255.0,United Kingdom
536420,01-12-2010,12:03:00 PM,21889,WOODEN BOX OF DOMINOES,12,1.25,15.0,16583.0,United Kingdom
536420,01-12-2010,12:03:00 PM,21892,TRADITIONAL WOODEN CATCH CUP GAME ,12,1.25,15.0,16583.0,United Kingdom
536420,01-12-2010,12:03:00 PM,21891,TRADITIONAL WOODEN SKIPPING ROPE,12,1.25,15.0,16583.0,United Kingdom
536420,01-12-2010,12:03:00 PM,21890,S/6 WOODEN SKITTLES IN COTTON BAG,6,2.95,17.7,16583.0,United Kingdom
536420,01-12-2010,12:03:00 PM,21718,RED METAL BEACH SPADE ,12,1.25,15.0,16583.0,United Kingdom
536420,01-12-2010,12:03:00 PM,21716,BOYS VINTAGE TIN SEASIDE BUCKET,8,2.55,20.4,16583.0,United Kingdom
536420,01-12-2010,12:03:00 PM,21715,GIRLS VINTAGE TIN SEASIDE BUCKET,8,2.55,20.4,16583.0,United Kingdom
536420,01-12-2010,12:03:00 PM,22113,GREY HEART HOT WATER BOTTLE,4,3.75,15.0,16583.0,United Kingdom
536420,01-12-2010,12:03:00 PM,22111,SCOTTIE DOG HOT WATER BOTTLE,3,4.95,14.85,16583.0,United Kingdom
536420,01-12-2010,12:03:00 PM,22110,BIRD HOUSE HOT WATER BOTTLE,6,2.55,15.3,16583.0,United Kingdom
536420,01-12-2010,12:03:00 PM,22358,KINGS CHOICE TEA CADDY ,6,2.95,17.7,16583.0,United Kingdom
536420,01-12-2010,12:03:00 PM,22357,KINGS CHOICE BISCUIT TIN,4,4.25,17.0,16583.0,United Kingdom
536420,01-12-2010,12:03:00 PM,22115,METAL SIGN EMPIRE TEA,6,2.95,17.7,16583.0,United Kingdom
536420,01-12-2010,12:03:00 PM,22969,HOMEMADE JAM SCENTED CANDLES,12,1.45,17.4,16583.0,United Kingdom
536423,01-12-2010,12:08:00 PM,22619,SET OF 6 SOLDIER SKITTLES,4,3.75,15.0,18085.0,United Kingdom
536423,01-12-2010,12:08:00 PM,21481,FAWN BLUE HOT WATER BOTTLE,6,2.95,17.7,18085.0,United Kingdom
536423,01-12-2010,12:08:00 PM,22632,HAND WARMER RED RETROSPOT,12,2.1,25.2,18085.0,United Kingdom
536423,01-12-2010,12:08:00 PM,22837,HOT WATER BOTTLE BABUSHKA ,8,4.65,37.2,18085.0,United Kingdom
536423,01-12-2010,12:08:00 PM,21479,WHITE SKULL HOT WATER BOTTLE ,8,3.75,30.0,18085.0,United Kingdom
536423,01-12-2010,12:08:00 PM,21485,RETROSPOT HEART HOT WATER BOTTLE,8,4.95,39.6,18085.0,United Kingdom
536423,01-12-2010,12:08:00 PM,84029E,RED WOOLLY HOTTIE WHITE HEART.,8,3.75,30.0,18085.0,United Kingdom
536423,01-12-2010,12:08:00 PM,22111,SCOTTIE DOG HOT WATER BOTTLE,16,4.95,79.2,18085.0,United Kingdom
536423,01-12-2010,12:08:00 PM,22113,GREY HEART HOT WATER BOTTLE,8,3.75,30.0,18085.0,United Kingdom
536425,01-12-2010,12:08:00 PM,22837,HOT WATER BOTTLE BABUSHKA ,8,4.65,37.2,13758.0,United Kingdom
536425,01-12-2010,12:08:00 PM,22585,PACK OF 6 BIRDY GIFT TAGS,12,1.25,15.0,13758.0,United Kingdom
536425,01-12-2010,12:08:00 PM,79321,CHILLI LIGHTS,8,4.95,39.6,13758.0,United Kingdom
536425,01-12-2010,12:08:00 PM,22637,PIGGY BANK RETROSPOT ,12,2.55,30.6,13758.0,United Kingdom
536425,01-12-2010,12:08:00 PM,21556,CERAMIC STRAWBERRY MONEY BOX,6,2.55,15.3,13758.0,United Kingdom
536425,01-12-2010,12:08:00 PM,22646,CERAMIC STRAWBERRY CAKE MONEY BANK,12,1.45,17.4,13758.0,United Kingdom
536425,01-12-2010,12:08:00 PM,22644,CERAMIC CHERRY CAKE MONEY BANK,12,1.45,17.4,13758.0,United Kingdom
536425,01-12-2010,12:08:00 PM,22645,CERAMIC HEART FAIRY CAKE MONEY BANK,12,1.45,17.4,13758.0,United Kingdom
536425,01-12-2010,12:08:00 PM,22650,CERAMIC PIRATE CHEST MONEY BANK,12,1.45,17.4,13758.0,United Kingdom
536425,01-12-2010,12:08:00 PM,22508,DOORSTOP RETROSPOT HEART,8,3.75,30.0,13758.0,United Kingdom
536425,01-12-2010,12:08:00 PM,21411,GINGHAM HEART  DOORSTOP RED,3,4.25,12.75,13758.0,United Kingdom
536425,01-12-2010,12:08:00 PM,22511,RETROSPOT BABUSHKA DOORSTOP,4,3.75,15.0,13758.0,United Kingdom
536425,01-12-2010,12:08:00 PM,22451,SILK PURSE BABUSHKA RED,6,3.35,20.1,13758.0,United Kingdom
536425,01-12-2010,12:08:00 PM,22449,SILK PURSE BABUSHKA PINK,6,3.35,20.1,13758.0,United Kingdom
536425,01-12-2010,12:08:00 PM,22768,FAMILY PHOTO FRAME CORNICE,2,9.95,19.9,13758.0,United Kingdom
536425,01-12-2010,12:08:00 PM,22829,SWEETHEART WIRE WALL TIDY,2,9.95,19.9,13758.0,United Kingdom
536425,01-12-2010,12:08:00 PM,22961,JAM MAKING SET PRINTED,12,1.45,17.4,13758.0,United Kingdom
536437,01-12-2010,12:12:00 PM,21154,RED RETROSPOT OVEN GLOVE ,200,1.06,212.0,13694.0,United Kingdom
536437,01-12-2010,12:12:00 PM,22189,CREAM HEART CARD HOLDER,72,3.39,244.08,13694.0,United Kingdom
536437,01-12-2010,12:12:00 PM,17021,NAMASTE SWAGAT INCENSE,600,0.24,144.0,13694.0,United Kingdom
536437,01-12-2010,12:12:00 PM,22059,CERAMIC STRAWBERRY DESIGN MUG,48,1.25,60.0,13694.0,United Kingdom
536437,01-12-2010,12:12:00 PM,22188,BLACK HEART CARD HOLDER,36,3.39,122.04,13694.0,United Kingdom
536437,01-12-2010,12:12:00 PM,84678,CLASSICAL ROSE SMALL VASE,48,1.25,60.0,13694.0,United Kingdom
536446,01-12-2010,12:15:00 PM,85172,HYACINTH BULB T-LIGHT CANDLES,32,0.42,13.44,15983.0,United Kingdom
536446,01-12-2010,12:15:00 PM,22142,CHRISTMAS CRAFT WHITE FAIRY ,2,1.45,2.9,15983.0,United Kingdom
536446,01-12-2010,12:15:00 PM,22144,CHRISTMAS CRAFT LITTLE FRIENDS,2,2.1,4.2,15983.0,United Kingdom
536446,01-12-2010,12:15:00 PM,21591,COSY HOUR CIGAR BOX MATCHES ,6,1.25,7.5,15983.0,United Kingdom
536446,01-12-2010,12:15:00 PM,22480,RED TEA TOWEL CLASSIC DESIGN,12,1.25,15.0,15983.0,United Kingdom
536446,01-12-2010,12:15:00 PM,22294,HEART FILIGREE DOVE  SMALL,48,1.25,60.0,15983.0,United Kingdom
536446,01-12-2010,12:15:00 PM,21156,RETROSPOT CHILDRENS APRON,1,1.95,1.95,15983.0,United Kingdom
536446,01-12-2010,12:15:00 PM,10133,COLOURING PENCILS BROWN TUBE,5,0.85,4.25,15983.0,United Kingdom
536446,01-12-2010,12:15:00 PM,72800E,4 IVORY DINNER CANDLES SILVER FLOCK,6,2.55,15.3,15983.0,United Kingdom
536446,01-12-2010,12:15:00 PM,22294,HEART FILIGREE DOVE  SMALL,24,1.25,30.0,15983.0,United Kingdom
536446,01-12-2010,12:15:00 PM,84836,ZINC METAL HEART DECORATION,12,1.25,15.0,15983.0,United Kingdom
536446,01-12-2010,12:15:00 PM,20774,GREEN FERN NOTEBOOK,2,1.65,3.3,15983.0,United Kingdom
536446,01-12-2010,12:15:00 PM,20773,BLUE PAISLEY NOTEBOOK,2,1.65,3.3,15983.0,United Kingdom
536446,01-12-2010,12:15:00 PM,20777,CHRYSANTHEMUM NOTEBOOK,2,1.65,3.3,15983.0,United Kingdom
536446,01-12-2010,12:15:00 PM,16016,LARGE CHINESE STYLE SCISSOR,10,0.85,8.5,15983.0,United Kingdom
536446,01-12-2010,12:15:00 PM,16014,SMALL CHINESE STYLE SCISSOR,10,0.42,4.2,15983.0,United Kingdom
536446,01-12-2010,12:15:00 PM,21890,S/6 WOODEN SKITTLES IN COTTON BAG,2,2.95,5.9,15983.0,United Kingdom
536446,01-12-2010,12:15:00 PM,21891,TRADITIONAL WOODEN SKIPPING ROPE,2,1.25,2.5,15983.0,United Kingdom
536446,01-12-2010,12:15:00 PM,22619,SET OF 6 SOLDIER SKITTLES,8,3.75,30.0,15983.0,United Kingdom
536446,01-12-2010,12:15:00 PM,22620,4 TRADITIONAL SPINNING TOPS,6,1.25,7.5,15983.0,United Kingdom
536446,01-12-2010,12:15:00 PM,84347,ROTATING SILVER ANGELS T-LIGHT HLDR,12,2.55,30.6,15983.0,United Kingdom
536446,01-12-2010,12:15:00 PM,85169B,BLACK LOVE BIRD CANDLE,24,1.25,30.0,15983.0,United Kingdom
536446,01-12-2010,12:15:00 PM,21156,RETROSPOT CHILDRENS APRON,3,1.95,5.85,15983.0,United Kingdom
536446,01-12-2010,12:15:00 PM,21651,HANGING GLASS ETCHED TEALIGHT,6,1.65,9.9,15983.0,United Kingdom
536446,01-12-2010,12:15:00 PM,21651,HANGING GLASS ETCHED TEALIGHT,6,1.65,9.9,15983.0,United Kingdom
536446,01-12-2010,12:15:00 PM,84625C,BLUE NEW BAROQUE CANDLESTICK CANDLE,10,2.95,29.5,15983.0,United Kingdom
536446,01-12-2010,12:15:00 PM,22618,COOKING SET RETROSPOT,2,9.95,19.9,15983.0,United Kingdom
536446,01-12-2010,12:15:00 PM,21586,KINGS CHOICE GIANT TUBE MATCHES,4,2.55,10.2,15983.0,United Kingdom
536446,01-12-2010,12:15:00 PM,21587,COSY HOUR GIANT TUBE MATCHES,4,2.55,10.2,15983.0,United Kingdom
536446,01-12-2010,12:15:00 PM,22152,PLACE SETTING WHITE STAR,24,0.42,10.08,15983.0,United Kingdom
536446,01-12-2010,12:15:00 PM,85172,HYACINTH BULB T-LIGHT CANDLES,16,0.42,6.72,15983.0,United Kingdom
536446,01-12-2010,12:15:00 PM,84754,S/15 SILVER GLASS BAUBLES IN BAG,24,1.25,30.0,15983.0,United Kingdom
536460,01-12-2010,12:22:00 PM,22670,FRENCH WC SIGN BLUE METAL,12,1.25,15.0,14849.0,United Kingdom
536460,01-12-2010,12:22:00 PM,21586,KINGS CHOICE GIANT TUBE MATCHES,12,2.55,30.6,14849.0,United Kingdom
536460,01-12-2010,12:22:00 PM,84992,72 SWEETHEART FAIRY CAKE CASES,24,0.55,13.2,14849.0,United Kingdom
536460,01-12-2010,12:22:00 PM,84879,ASSORTED COLOUR BIRD ORNAMENT,24,1.69,40.56,14849.0,United Kingdom
536460,01-12-2010,12:22:00 PM,84849B,FAIRY SOAP SOAP HOLDER,12,1.69,20.28,14849.0,United Kingdom
536460,01-12-2010,12:22:00 PM,22927,GREEN GIANT GARDEN THERMOMETER,2,5.95,11.9,14849.0,United Kingdom
536460,01-12-2010,12:22:00 PM,22926,IVORY GIANT GARDEN THERMOMETER,4,5.95,23.8,14849.0,United Kingdom
536460,01-12-2010,12:22:00 PM,22925,BLUE GIANT GARDEN THERMOMETER,2,5.95,11.9,14849.0,United Kingdom
536460,01-12-2010,12:22:00 PM,21977,PACK OF 60 PINK PAISLEY CAKE CASES,24,0.55,13.2,14849.0,United Kingdom
536460,01-12-2010,12:22:00 PM,21485,RETROSPOT HEART HOT WATER BOTTLE,6,4.95,29.7,14849.0,United Kingdom
536460,01-12-2010,12:22:00 PM,21484,CHICK GREY HOT WATER BOTTLE,8,3.45,27.6,14849.0,United Kingdom
536460,01-12-2010,12:22:00 PM,21259,VICTORIAN SEWING BOX SMALL ,2,5.95,11.9,14849.0,United Kingdom
536460,01-12-2010,12:22:00 PM,21257,VICTORIAN SEWING BOX MEDIUM,2,7.95,15.9,14849.0,United Kingdom
536460,01-12-2010,12:22:00 PM,21121,SET/10 RED POLKADOT PARTY CANDLES,24,1.25,30.0,14849.0,United Kingdom
536463,01-12-2010,12:22:00 PM,82552,WASHROOM METAL SIGN,12,1.45,17.4,14849.0,United Kingdom
536464,01-12-2010,12:23:00 PM,90200B,BLACK SWEETHEART BRACELET,2,4.25,8.5,17968.0,United Kingdom
536464,01-12-2010,12:23:00 PM,90059B,DIAMANTE HAIR GRIP PACK/2 BLACK DIA,2,1.65,3.3,17968.0,United Kingdom
536464,01-12-2010,12:23:00 PM,90185C,BLACK DIAMANTE EXPANDABLE RING,2,4.25,8.5,17968.0,United Kingdom
536464,01-12-2010,12:23:00 PM,90059E,DIAMANTE HAIR GRIP PACK/2 RUBY,3,1.65,4.95,17968.0,United Kingdom
536464,01-12-2010,12:23:00 PM,90059C,DIAMANTE HAIR GRIP PACK/2 MONTANA,1,1.65,1.65,17968.0,United Kingdom
536464,01-12-2010,12:23:00 PM,90200C,BLUE SWEETHEART BRACELET,1,4.25,4.25,17968.0,United Kingdom
536464,01-12-2010,12:23:00 PM,90200D,PINK SWEETHEART BRACELET,3,4.25,12.75,17968.0,United Kingdom
536464,01-12-2010,12:23:00 PM,90200A,PURPLE SWEETHEART BRACELET,1,4.25,4.25,17968.0,United Kingdom
536464,01-12-2010,12:23:00 PM,22386,JUMBO BAG PINK POLKADOT,1,1.95,1.95,17968.0,United Kingdom
536464,01-12-2010,12:23:00 PM,85099B,JUMBO BAG RED RETROSPOT,1,1.95,1.95,17968.0,United Kingdom
536464,01-12-2010,12:23:00 PM,84879,ASSORTED COLOUR BIRD ORNAMENT,8,1.69,13.52,17968.0,United Kingdom
536464,01-12-2010,12:23:00 PM,22086,PAPER CHAIN KIT 50'S CHRISTMAS ,1,2.95,2.95,17968.0,United Kingdom
536464,01-12-2010,12:23:00 PM,22737,RIBBON REEL CHRISTMAS PRESENT ,1,1.65,1.65,17968.0,United Kingdom
536464,01-12-2010,12:23:00 PM,21260,FIRST AID TIN,1,3.25,3.25,17968.0,United Kingdom
536464,01-12-2010,12:23:00 PM,22744,MAKE YOUR OWN MONSOON CARD KIT,2,2.95,5.9,17968.0,United Kingdom
536464,01-12-2010,12:23:00 PM,21985,PACK OF 12 HEARTS DESIGN TISSUES ,1,0.29,0.29,17968.0,United Kingdom
536464,01-12-2010,12:23:00 PM,21980,PACK OF 12 RED RETROSPOT TISSUES ,1,0.29,0.29,17968.0,United Kingdom
536464,01-12-2010,12:23:00 PM,22988,SOLDIERS EGG CUP ,1,1.25,1.25,17968.0,United Kingdom
536464,01-12-2010,12:23:00 PM,22297,HEART IVORY TRELLIS SMALL,1,1.25,1.25,17968.0,United Kingdom
536464,01-12-2010,12:23:00 PM,22294,HEART FILIGREE DOVE  SMALL,1,1.25,1.25,17968.0,United Kingdom
536464,01-12-2010,12:23:00 PM,22295,HEART FILIGREE DOVE LARGE,1,1.65,1.65,17968.0,United Kingdom
536464,01-12-2010,12:23:00 PM,22813,PACK 3 BOXES BIRD PANNETONE ,2,1.95,3.9,17968.0,United Kingdom
536464,01-12-2010,12:23:00 PM,22812,PACK 3 BOXES CHRISTMAS PANNETONE,6,1.95,11.7,17968.0,United Kingdom
536464,01-12-2010,12:23:00 PM,22197,SMALL POPCORN HOLDER,5,0.85,4.25,17968.0,United Kingdom
536464,01-12-2010,12:23:00 PM,21977,PACK OF 60 PINK PAISLEY CAKE CASES,1,0.55,0.55,17968.0,United Kingdom
536464,01-12-2010,12:23:00 PM,22619,SET OF 6 SOLDIER SKITTLES,1,3.75,3.75,17968.0,United Kingdom
536464,01-12-2010,12:23:00 PM,16258A,SWIRLY CIRCULAR RUBBERS IN BAG,1,0.42,0.42,17968.0,United Kingdom
536464,01-12-2010,12:23:00 PM,21992,VINTAGE PAISLEY STATIONERY SET,1,2.95,2.95,17968.0,United Kingdom
536464,01-12-2010,12:23:00 PM,22910,PAPER CHAIN KIT VINTAGE CHRISTMAS,1,2.95,2.95,17968.0,United Kingdom
536464,01-12-2010,12:23:00 PM,21124,SET/10 BLUE POLKADOT PARTY CANDLES,1,1.25,1.25,17968.0,United Kingdom
536464,01-12-2010,12:23:00 PM,22735,RIBBON REEL SOCKS AND MITTENS,2,1.65,3.3,17968.0,United Kingdom
536464,01-12-2010,12:23:00 PM,22952,60 CAKE CASES VINTAGE CHRISTMAS,2,0.55,1.1,17968.0,United Kingdom
536464,01-12-2010,12:23:00 PM,22945,CHRISTMAS METAL TAGS ASSORTED ,6,0.85,5.1,17968.0,United Kingdom
536464,01-12-2010,12:23:00 PM,21816,CHRISTMAS TREE T-LIGHT HOLDER,2,1.45,2.9,17968.0,United Kingdom
536464,01-12-2010,12:23:00 PM,21815,STAR  T-LIGHT HOLDER ,4,1.45,5.8,17968.0,United Kingdom
536464,01-12-2010,12:23:00 PM,21814,HEART T-LIGHT HOLDER ,2,1.45,2.9,17968.0,United Kingdom
536464,01-12-2010,12:23:00 PM,10125,MINI FUNKY DESIGN TAPES,2,0.85,1.7,17968.0,United Kingdom
536464,01-12-2010,12:23:00 PM,22810,SET OF 6 T-LIGHTS SNOWMEN,1,2.95,2.95,17968.0,United Kingdom
536464,01-12-2010,12:23:00 PM,22573,STAR WOODEN CHRISTMAS DECORATION,1,0.85,0.85,17968.0,United Kingdom
536464,01-12-2010,12:23:00 PM,22577,WOODEN HEART CHRISTMAS SCANDINAVIAN,1,0.85,0.85,17968.0,United Kingdom
536464,01-12-2010,12:23:00 PM,22603,CHRISTMAS RETROSPOT TREE WOOD,2,0.85,1.7,17968.0,United Kingdom
536464,01-12-2010,12:23:00 PM,22809,SET OF 6 T-LIGHTS SANTA,1,2.95,2.95,17968.0,United Kingdom
536464,01-12-2010,12:23:00 PM,20878,SET/9 CHRISTMAS T-LIGHTS SCENTED ,1,1.25,1.25,17968.0,United Kingdom
536464,01-12-2010,12:23:00 PM,20866,BLUE ROSE FABRIC MIRROR,1,1.25,1.25,17968.0,United Kingdom
536464,01-12-2010,12:23:00 PM,85095,THREE CANVAS LUGGAGE TAGS,1,1.95,1.95,17968.0,United Kingdom
536464,01-12-2010,12:23:00 PM,22333,RETROSPOT PARTY BAG + STICKER SET,1,1.65,1.65,17968.0,United Kingdom
536464,01-12-2010,12:23:00 PM,22557,PLASTERS IN TIN VINTAGE PAISLEY ,1,1.65,1.65,17968.0,United Kingdom
536464,01-12-2010,12:23:00 PM,21584,RETROSPOT SMALL TUBE MATCHES,1,1.65,1.65,17968.0,United Kingdom
536464,01-12-2010,12:23:00 PM,22866,HAND WARMER SCOTTY DOG DESIGN,1,2.1,2.1,17968.0,United Kingdom
536464,01-12-2010,12:23:00 PM,22731,3D CHRISTMAS STAMPS STICKERS ,2,1.25,2.5,17968.0,United Kingdom
536464,01-12-2010,12:23:00 PM,22866,HAND WARMER SCOTTY DOG DESIGN,1,2.1,2.1,17968.0,United Kingdom
536464,01-12-2010,12:23:00 PM,22866,HAND WARMER SCOTTY DOG DESIGN,3,2.1,6.3,17968.0,United Kingdom
536464,01-12-2010,12:23:00 PM,22558,CLOTHES PEGS RETROSPOT PACK 24 ,2,1.49,2.98,17968.0,United Kingdom
536464,01-12-2010,12:23:00 PM,22956,36 FOIL HEART CAKE CASES,1,2.1,2.1,17968.0,United Kingdom
536464,01-12-2010,12:23:00 PM,22945,CHRISTMAS METAL TAGS ASSORTED ,6,0.85,5.1,17968.0,United Kingdom
536464,01-12-2010,12:23:00 PM,22582,PACK OF 6 SWEETIE GIFT BOXES,1,2.55,2.55,17968.0,United Kingdom
536464,01-12-2010,12:23:00 PM,21212,PACK OF 72 RETROSPOT CAKE CASES,1,0.55,0.55,17968.0,United Kingdom
536464,01-12-2010,12:23:00 PM,21212,PACK OF 72 RETROSPOT CAKE CASES,2,0.55,1.1,17968.0,United Kingdom
536464,01-12-2010,12:23:00 PM,22585,PACK OF 6 BIRDY GIFT TAGS,3,1.25,3.75,17968.0,United Kingdom
536464,01-12-2010,12:23:00 PM,21121,SET/10 RED POLKADOT PARTY CANDLES,1,1.25,1.25,17968.0,United Kingdom
536464,01-12-2010,12:23:00 PM,21122,SET/10 PINK POLKADOT PARTY CANDLES,1,1.25,1.25,17968.0,United Kingdom
536464,01-12-2010,12:23:00 PM,22759,SET OF 3 NOTEBOOKS IN PARCEL,1,1.65,1.65,17968.0,United Kingdom
536464,01-12-2010,12:23:00 PM,21815,STAR  T-LIGHT HOLDER ,1,1.45,1.45,17968.0,United Kingdom
536464,01-12-2010,12:23:00 PM,85231B,CINAMMON SET OF 9 T-LIGHTS,3,0.85,2.55,17968.0,United Kingdom
536464,01-12-2010,12:23:00 PM,85231G,ORANGE SCENTED SET/9 T-LIGHTS,5,0.85,4.25,17968.0,United Kingdom
536464,01-12-2010,12:23:00 PM,22082,RIBBON REEL STRIPES DESIGN ,5,1.65,8.25,17968.0,United Kingdom
536464,01-12-2010,12:23:00 PM,22500,SET OF 2 TINS JARDIN DE PROVENCE,2,4.95,9.9,17968.0,United Kingdom
536464,01-12-2010,12:23:00 PM,22742,MAKE YOUR OWN PLAYTIME CARD KIT,1,2.95,2.95,17968.0,United Kingdom
536464,01-12-2010,12:23:00 PM,21329,DINOSAURS  WRITING SET ,1,1.65,1.65,17968.0,United Kingdom
536464,01-12-2010,12:23:00 PM,21328,BALLOONS  WRITING SET ,1,1.65,1.65,17968.0,United Kingdom
536464,01-12-2010,12:23:00 PM,21327,SKULLS WRITING SET ,1,1.65,1.65,17968.0,United Kingdom
536464,01-12-2010,12:23:00 PM,21992,VINTAGE PAISLEY STATIONERY SET,1,2.95,2.95,17968.0,United Kingdom
536464,01-12-2010,12:23:00 PM,21738,COSY SLIPPER SHOES SMALL  RED ,1,2.95,2.95,17968.0,United Kingdom
536464,01-12-2010,12:23:00 PM,48173C,DOORMAT BLACK FLOCK ,1,7.95,7.95,17968.0,United Kingdom
536464,01-12-2010,12:23:00 PM,85099C,JUMBO  BAG BAROQUE BLACK WHITE,1,1.95,1.95,17968.0,United Kingdom
536464,01-12-2010,12:23:00 PM,22960,JAM MAKING SET WITH JARS,1,4.25,4.25,17968.0,United Kingdom
536464,01-12-2010,12:23:00 PM,85231G,ORANGE SCENTED SET/9 T-LIGHTS,1,0.85,0.85,17968.0,United Kingdom
536464,01-12-2010,12:23:00 PM,85231B,CINAMMON SET OF 9 T-LIGHTS,2,0.85,1.7,17968.0,United Kingdom
536464,01-12-2010,12:23:00 PM,22866,HAND WARMER SCOTTY DOG DESIGN,1,2.1,2.1,17968.0,United Kingdom
536464,01-12-2010,12:23:00 PM,72818,CHRISTMAS DECOUPAGE CANDLE,1,0.85,0.85,17968.0,United Kingdom
536464,01-12-2010,12:23:00 PM,21814,HEART T-LIGHT HOLDER ,8,1.45,11.6,17968.0,United Kingdom
536464,01-12-2010,12:23:00 PM,22441,GROW YOUR OWN BASIL IN ENAMEL MUG,1,2.1,2.1,17968.0,United Kingdom
536464,01-12-2010,12:23:00 PM,22312,OFFICE MUG WARMER POLKADOT,1,2.95,2.95,17968.0,United Kingdom
536464,01-12-2010,12:23:00 PM,22197,SMALL POPCORN HOLDER,6,0.85,5.1,17968.0,United Kingdom
536464,01-12-2010,12:23:00 PM,22663,JUMBO BAG DOLLY GIRL DESIGN,1,1.95,1.95,17968.0,United Kingdom
536466,01-12-2010,12:23:00 PM,22960,JAM MAKING SET WITH JARS,6,4.25,25.5,14849.0,United Kingdom
536466,01-12-2010,12:23:00 PM,22961,JAM MAKING SET PRINTED,12,1.45,17.4,14849.0,United Kingdom
536477,01-12-2010,12:27:00 PM,21314,SMALL GLASS HEART TRINKET POT,48,1.85,88.8,16210.0,United Kingdom
536477,01-12-2010,12:27:00 PM,84029E,RED WOOLLY HOTTIE WHITE HEART.,24,3.39,81.36,16210.0,United Kingdom
536477,01-12-2010,12:27:00 PM,21137,BLACK RECORD COVER FRAME,480,3.39,1627.2,16210.0,United Kingdom
536477,01-12-2010,12:27:00 PM,22041,"RECORD FRAME 7"" SINGLE SIZE ",48,2.1,100.8,16210.0,United Kingdom
536477,01-12-2010,12:27:00 PM,20979,36 PENCILS TUBE RED RETROSPOT,16,1.25,20.0,16210.0,United Kingdom
536477,01-12-2010,12:27:00 PM,20977,36 PENCILS TUBE WOODLAND,16,1.25,20.0,16210.0,United Kingdom
536477,01-12-2010,12:27:00 PM,22619,SET OF 6 SOLDIER SKITTLES,4,3.75,15.0,16210.0,United Kingdom
536477,01-12-2010,12:27:00 PM,22571,ROCKING HORSE RED CHRISTMAS ,96,0.72,69.12,16210.0,United Kingdom
536477,01-12-2010,12:27:00 PM,22595,CHRISTMAS GINGHAM HEART,144,0.72,103.68,16210.0,United Kingdom
536477,01-12-2010,12:27:00 PM,22593,CHRISTMAS GINGHAM STAR,144,0.72,103.68,16210.0,United Kingdom
536477,01-12-2010,12:27:00 PM,22633,HAND WARMER UNION JACK,12,2.1,25.2,16210.0,United Kingdom
536477,01-12-2010,12:27:00 PM,22632,HAND WARMER RED RETROSPOT,12,2.1,25.2,16210.0,United Kingdom
536477,01-12-2010,12:27:00 PM,22423,REGENCY CAKESTAND 3 TIER,16,10.95,175.2,16210.0,United Kingdom
536477,01-12-2010,12:27:00 PM,22411,JUMBO SHOPPER VINTAGE RED PAISLEY,10,1.95,19.5,16210.0,United Kingdom
536488,01-12-2010,12:31:00 PM,22738,RIBBON REEL SNOWY VILLAGE,5,1.65,8.25,17897.0,United Kingdom
536488,01-12-2010,12:31:00 PM,21621,VINTAGE UNION JACK BUNTING,1,8.5,8.5,17897.0,United Kingdom
536488,01-12-2010,12:31:00 PM,22960,JAM MAKING SET WITH JARS,8,4.25,34.0,17897.0,United Kingdom
536488,01-12-2010,12:31:00 PM,22082,RIBBON REEL STRIPES DESIGN ,5,1.65,8.25,17897.0,United Kingdom
536488,01-12-2010,12:31:00 PM,47563A,RETRO LONGBOARD IRONING BOARD COVER,1,3.75,3.75,17897.0,United Kingdom
536488,01-12-2010,12:31:00 PM,84558A,3D DOG PICTURE PLAYING CARDS,1,2.95,2.95,17897.0,United Kingdom
536488,01-12-2010,12:31:00 PM,21592,RETROSPOT CIGAR BOX MATCHES ,1,1.25,1.25,17897.0,United Kingdom
536488,01-12-2010,12:31:00 PM,20878,SET/9 CHRISTMAS T-LIGHTS SCENTED ,2,1.25,2.5,17897.0,United Kingdom
536488,01-12-2010,12:31:00 PM,84347,ROTATING SILVER ANGELS T-LIGHT HLDR,1,2.55,2.55,17897.0,United Kingdom
536488,01-12-2010,12:31:00 PM,84347,ROTATING SILVER ANGELS T-LIGHT HLDR,1,2.55,2.55,17897.0,United Kingdom
536488,01-12-2010,12:31:00 PM,21577,SAVE THE PLANET COTTON TOTE BAG,1,2.25,2.25,17897.0,United Kingdom
536488,01-12-2010,12:31:00 PM,22909,SET OF 20 VINTAGE CHRISTMAS NAPKINS,1,0.85,0.85,17897.0,United Kingdom
536488,01-12-2010,12:31:00 PM,22087,PAPER BUNTING WHITE LACE,1,2.95,2.95,17897.0,United Kingdom
536488,01-12-2010,12:31:00 PM,22651,GENTLEMAN SHIRT REPAIR KIT ,2,0.85,1.7,17897.0,United Kingdom
536488,01-12-2010,12:31:00 PM,22713,CARD I LOVE LONDON ,12,0.42,5.04,17897.0,United Kingdom
536488,01-12-2010,12:31:00 PM,22910,PAPER CHAIN KIT VINTAGE CHRISTMAS,1,2.95,2.95,17897.0,United Kingdom
536488,01-12-2010,12:31:00 PM,21370,MIRRORED WALL ART FOXY,2,6.35,12.7,17897.0,United Kingdom
536488,01-12-2010,12:31:00 PM,21367,MIRRORED WALL ART GENTS,1,2.55,2.55,17897.0,United Kingdom
536488,01-12-2010,12:31:00 PM,22376,AIRLINE BAG VINTAGE JET SET WHITE,1,4.25,4.25,17897.0,United Kingdom
536488,01-12-2010,12:31:00 PM,22961,JAM MAKING SET PRINTED,1,1.45,1.45,17897.0,United Kingdom
536488,01-12-2010,12:31:00 PM,21895,POTTING SHED SOW 'N' GROW SET,1,4.25,4.25,17897.0,United Kingdom
536488,01-12-2010,12:31:00 PM,22468,BABUSHKA LIGHTS STRING OF 10,1,6.75,6.75,17897.0,United Kingdom
536488,01-12-2010,12:31:00 PM,21034,REX CASH+CARRY JUMBO SHOPPER,1,0.95,0.95,17897.0,United Kingdom
536488,01-12-2010,12:31:00 PM,22372,AIRLINE BAG VINTAGE WORLD CHAMPION ,1,4.25,4.25,17897.0,United Kingdom
536488,01-12-2010,12:31:00 PM,22867,HAND WARMER BIRD DESIGN,1,2.1,2.1,17897.0,United Kingdom
536488,01-12-2010,12:31:00 PM,22144,CHRISTMAS CRAFT LITTLE FRIENDS,1,2.1,2.1,17897.0,United Kingdom
536488,01-12-2010,12:31:00 PM,21190,PINK HEARTS PAPER GARLAND,1,1.65,1.65,17897.0,United Kingdom
536488,01-12-2010,12:31:00 PM,21894,POTTING SHED SEED ENVELOPES,3,1.25,3.75,17897.0,United Kingdom
536488,01-12-2010,12:31:00 PM,70007,HI TEC ALPINE HAND WARMER,3,1.65,4.95,17897.0,United Kingdom
536488,01-12-2010,12:31:00 PM,22940,FELTCRAFT CHRISTMAS FAIRY,1,4.25,4.25,17897.0,United Kingdom
536488,01-12-2010,12:31:00 PM,70007,HI TEC ALPINE HAND WARMER,1,1.65,1.65,17897.0,United Kingdom
536488,01-12-2010,12:31:00 PM,84347,ROTATING SILVER ANGELS T-LIGHT HLDR,3,2.55,7.65,17897.0,United Kingdom
536488,01-12-2010,12:31:00 PM,22150,3 STRIPEY MICE FELTCRAFT,1,1.95,1.95,17897.0,United Kingdom
536488,01-12-2010,12:31:00 PM,22149,FELTCRAFT 6 FLOWER FRIENDS,2,2.1,4.2,17897.0,United Kingdom
536488,01-12-2010,12:31:00 PM,22144,CHRISTMAS CRAFT LITTLE FRIENDS,2,2.1,4.2,17897.0,United Kingdom
536500,01-12-2010,12:35:00 PM,21622,VINTAGE UNION JACK CUSHION COVER,10,4.95,49.5,17377.0,United Kingdom
536500,01-12-2010,12:35:00 PM,46000M,POLYESTER FILLER PAD 45x45cm,10,1.55,15.5,17377.0,United Kingdom
536500,01-12-2010,12:35:00 PM,22630,DOLLY GIRL LUNCH BOX,2,1.95,3.9,17377.0,United Kingdom
536500,01-12-2010,12:35:00 PM,22616,PACK OF 12 LONDON TISSUES ,12,0.29,3.48,17377.0,United Kingdom
536500,01-12-2010,12:35:00 PM,22712,CARD DOLLY GIRL ,12,0.42,5.04,17377.0,United Kingdom
536500,01-12-2010,12:35:00 PM,22983,CARD BILLBOARD FONT,12,0.42,5.04,17377.0,United Kingdom
536500,01-12-2010,12:35:00 PM,22024,RAINY LADIES BIRTHDAY CARD,12,0.42,5.04,17377.0,United Kingdom
536500,01-12-2010,12:35:00 PM,22113,GREY HEART HOT WATER BOTTLE,3,3.75,11.25,17377.0,United Kingdom
536500,01-12-2010,12:35:00 PM,84029E,RED WOOLLY HOTTIE WHITE HEART.,2,3.75,7.5,17377.0,United Kingdom
536500,01-12-2010,12:35:00 PM,21488,RED WHITE SCARF  HOT WATER BOTTLE,2,3.95,7.9,17377.0,United Kingdom
536500,01-12-2010,12:35:00 PM,22900, SET 2 TEA TOWELS I LOVE LONDON ,7,2.95,20.65,17377.0,United Kingdom
536500,01-12-2010,12:35:00 PM,22895,SET OF 2 TEA TOWELS APPLE AND PEARS,3,2.95,8.85,17377.0,United Kingdom
536500,01-12-2010,12:35:00 PM,21035,SET/2 RED RETROSPOT TEA TOWELS ,3,2.95,8.85,17377.0,United Kingdom
536500,01-12-2010,12:35:00 PM,21755,LOVE BUILDING BLOCK WORD,6,5.95,35.7,17377.0,United Kingdom
536500,01-12-2010,12:35:00 PM,21754,HOME BUILDING BLOCK WORD,6,5.95,35.7,17377.0,United Kingdom
536502,01-12-2010,12:36:00 PM,84879,ASSORTED COLOUR BIRD ORNAMENT,16,1.69,27.04,16552.0,United Kingdom
536502,01-12-2010,12:36:00 PM,22784,LANTERN CREAM GAZEBO ,3,4.95,14.85,16552.0,United Kingdom
536502,01-12-2010,12:36:00 PM,21441,BLUE BIRDHOUSE DECORATION,12,0.85,10.2,16552.0,United Kingdom
536502,01-12-2010,12:36:00 PM,85123A,WHITE HANGING HEART T-LIGHT HOLDER,6,2.95,17.7,16552.0,United Kingdom
536502,01-12-2010,12:36:00 PM,22423,REGENCY CAKESTAND 3 TIER,2,12.75,25.5,16552.0,United Kingdom
536508,01-12-2010,12:38:00 PM,84947,ANTIQUE SILVER TEA GLASS ENGRAVED,72,1.06,76.32,17181.0,United Kingdom
536508,01-12-2010,12:38:00 PM,21326,AGED GLASS SILVER T-LIGHT HOLDER,144,0.55,79.2,17181.0,United Kingdom
C536506,01-12-2010,12:38:00 PM,22960,JAM MAKING SET WITH JARS,-6,4.25,-25.5,17897.0,United Kingdom
536514,01-12-2010,12:40:00 PM,22865,HAND WARMER OWL DESIGN,36,2.1,75.6,17951.0,United Kingdom
536514,01-12-2010,12:40:00 PM,22485,SET OF 2 WOODEN MARKET CRATES,4,12.75,51.0,17951.0,United Kingdom
536514,01-12-2010,12:40:00 PM,22807,SET OF 6 T-LIGHTS TOADSTOOLS,6,2.95,17.7,17951.0,United Kingdom
536514,01-12-2010,12:40:00 PM,22633,HAND WARMER UNION JACK,36,2.1,75.6,17951.0,United Kingdom
536514,01-12-2010,12:40:00 PM,22866,HAND WARMER SCOTTY DOG DESIGN,36,2.1,75.6,17951.0,United Kingdom
536520,01-12-2010,12:43:00 PM,21794,CLASSIC FRENCH STYLE BASKET NATURAL,1,6.75,6.75,14729.0,United Kingdom
536520,01-12-2010,12:43:00 PM,20707,CRAZY DAISY HEART DECORATION,1,1.25,1.25,14729.0,United Kingdom
536520,01-12-2010,12:43:00 PM,21175,GIN + TONIC DIET METAL SIGN,1,2.1,2.1,14729.0,United Kingdom
536520,01-12-2010,12:43:00 PM,22926,IVORY GIANT GARDEN THERMOMETER,1,5.95,5.95,14729.0,United Kingdom
536520,01-12-2010,12:43:00 PM,22588,CARD HOLDER GINGHAM HEART,2,2.55,5.1,14729.0,United Kingdom
536520,01-12-2010,12:43:00 PM,21292,SMALL STRIPES CHOCOLATE GIFT BAG ,16,0.85,13.6,14729.0,United Kingdom
536520,01-12-2010,12:43:00 PM,21890,S/6 WOODEN SKITTLES IN COTTON BAG,1,2.95,2.95,14729.0,United Kingdom
536520,01-12-2010,12:43:00 PM,22632,HAND WARMER RED RETROSPOT,4,2.1,8.4,14729.0,United Kingdom
536520,01-12-2010,12:43:00 PM,22633,HAND WARMER UNION JACK,3,2.1,6.3,14729.0,United Kingdom
536520,01-12-2010,12:43:00 PM,22670,FRENCH WC SIGN BLUE METAL,1,1.25,1.25,14729.0,United Kingdom
536520,01-12-2010,12:43:00 PM,21867,PINK UNION JACK  LUGGAGE TAG,1,1.25,1.25,14729.0,United Kingdom
536520,01-12-2010,12:43:00 PM,22760,"TRAY, BREAKFAST IN BED",1,12.75,12.75,14729.0,United Kingdom
536520,01-12-2010,12:43:00 PM,22107,PIZZA PLATE IN BOX,2,3.75,7.5,14729.0,United Kingdom
536520,01-12-2010,12:43:00 PM,22470,HEART OF WICKER LARGE,1,2.95,2.95,14729.0,United Kingdom
536520,01-12-2010,12:43:00 PM,21486,PINK HEART DOTS HOT WATER BOTTLE,1,3.75,3.75,14729.0,United Kingdom
536520,01-12-2010,12:43:00 PM,22151,PLACE SETTING WHITE HEART,14,0.42,5.88,14729.0,United Kingdom
536520,01-12-2010,12:43:00 PM,22643,SET OF 4 NAPKIN CHARMS LEAVES   ,4,2.55,10.2,14729.0,United Kingdom
536520,01-12-2010,12:43:00 PM,22642,SET OF 4 NAPKIN CHARMS STARS   ,4,2.55,10.2,14729.0,United Kingdom
536520,01-12-2010,12:43:00 PM,22604,SET OF 4 NAPKIN CHARMS CUTLERY,3,2.55,7.65,14729.0,United Kingdom
536520,01-12-2010,12:43:00 PM,22099,CARAVAN SQUARE TISSUE BOX,2,1.25,2.5,14729.0,United Kingdom
536520,01-12-2010,12:43:00 PM,22553,PLASTERS IN TIN SKULLS,1,1.65,1.65,14729.0,United Kingdom
536520,01-12-2010,12:43:00 PM,22551,PLASTERS IN TIN SPACEBOY,1,1.65,1.65,14729.0,United Kingdom
536520,01-12-2010,12:43:00 PM,22653,BUTTON BOX ,1,1.95,1.95,14729.0,United Kingdom
536520,01-12-2010,12:43:00 PM,22557,PLASTERS IN TIN VINTAGE PAISLEY ,2,1.65,3.3,14729.0,United Kingdom
536520,01-12-2010,12:43:00 PM,22906,12 MESSAGE CARDS WITH ENVELOPES,6,1.65,9.9,14729.0,United Kingdom
536520,01-12-2010,12:43:00 PM,22754,SMALL RED BABUSHKA NOTEBOOK ,1,0.85,0.85,14729.0,United Kingdom
536520,01-12-2010,12:43:00 PM,22938,CUPCAKE LACE PAPER SET 6,5,1.95,9.75,14729.0,United Kingdom
536520,01-12-2010,12:43:00 PM,22812,PACK 3 BOXES CHRISTMAS PANNETONE,3,1.95,5.85,14729.0,United Kingdom
536520,01-12-2010,12:43:00 PM,22919,HERB MARKER MINT,2,0.65,1.3,14729.0,United Kingdom
536520,01-12-2010,12:43:00 PM,22917,HERB MARKER ROSEMARY,1,0.65,0.65,14729.0,United Kingdom
536520,01-12-2010,12:43:00 PM,22920,HERB MARKER BASIL,3,0.65,1.95,14729.0,United Kingdom
536520,01-12-2010,12:43:00 PM,22921,HERB MARKER CHIVES ,2,0.65,1.3,14729.0,United Kingdom
536520,01-12-2010,12:43:00 PM,22918,HERB MARKER PARSLEY,2,0.65,1.3,14729.0,United Kingdom
536520,01-12-2010,12:43:00 PM,22916,HERB MARKER THYME,1,0.65,0.65,14729.0,United Kingdom
536520,01-12-2010,12:43:00 PM,85123A,WHITE HANGING HEART T-LIGHT HOLDER,3,2.95,8.85,14729.0,United Kingdom
536520,01-12-2010,12:43:00 PM,22575,METAL MERRY CHRISTMAS WREATH,1,1.95,1.95,14729.0,United Kingdom
536520,01-12-2010,12:43:00 PM,21804,WHITE CHRISTMAS GARLAND STARS TREES,3,3.75,11.25,14729.0,United Kingdom
536520,01-12-2010,12:43:00 PM,21584,RETROSPOT SMALL TUBE MATCHES,12,1.65,19.8,14729.0,United Kingdom
536520,01-12-2010,12:43:00 PM,21588,RETROSPOT GIANT TUBE MATCHES,3,2.55,7.65,14729.0,United Kingdom
536520,01-12-2010,12:43:00 PM,22152,PLACE SETTING WHITE STAR,12,0.42,5.04,14729.0,United Kingdom
536520,01-12-2010,12:43:00 PM,22441,GROW YOUR OWN BASIL IN ENAMEL MUG,1,2.1,2.1,14729.0,United Kingdom
536520,01-12-2010,12:43:00 PM,22955,36 FOIL STAR CAKE CASES ,2,2.1,4.2,14729.0,United Kingdom
536520,01-12-2010,12:43:00 PM,22956,36 FOIL HEART CAKE CASES,2,2.1,4.2,14729.0,United Kingdom
536520,01-12-2010,12:43:00 PM,22582,PACK OF 6 SWEETIE GIFT BOXES,2,2.55,5.1,14729.0,United Kingdom
536520,01-12-2010,12:43:00 PM,22583,PACK OF 6 HANDBAG GIFT BOXES,3,2.55,7.65,14729.0,United Kingdom
536520,01-12-2010,12:43:00 PM,22241,GARLAND WOODEN HAPPY EASTER,2,1.25,2.5,14729.0,United Kingdom
536520,01-12-2010,12:43:00 PM,22904,CALENDAR PAPER CUT DESIGN,3,2.95,8.85,14729.0,United Kingdom
536520,01-12-2010,12:43:00 PM,22905,CALENDAR IN SEASON DESIGN,2,2.95,5.9,14729.0,United Kingdom
536520,01-12-2010,12:43:00 PM,22197,SMALL POPCORN HOLDER,3,0.85,2.55,14729.0,United Kingdom
536520,01-12-2010,12:43:00 PM,22092,BLUE PAISLEY TISSUE BOX,1,1.25,1.25,14729.0,United Kingdom
536520,01-12-2010,12:43:00 PM,22469,HEART OF WICKER SMALL,1,1.65,1.65,14729.0,United Kingdom
536520,01-12-2010,12:43:00 PM,22100,SKULLS SQUARE TISSUE BOX,1,1.25,1.25,14729.0,United Kingdom
536520,01-12-2010,12:43:00 PM,22096,PINK PAISLEY SQUARE TISSUE BOX ,1,1.25,1.25,14729.0,United Kingdom
536520,01-12-2010,12:43:00 PM,22583,PACK OF 6 HANDBAG GIFT BOXES,1,2.55,2.55,14729.0,United Kingdom
536520,01-12-2010,12:43:00 PM,21358,TOAST ITS - HAPPY BIRTHDAY,2,1.25,2.5,14729.0,United Kingdom
